,lgbm,lear,chronos
2024-07-16,0.3333333333333333,0.3333333333333333,0.3333333333333333
2024-07-17,0.3333333333333333,0.3333333333333333,0.3333333333333333
2024-07-18,0.3333333333333333,0.3333333333333333,0.3333333333333333
2024-07-19,0.3333333333333333,0.3333333333333333,0.3333333333333333
2024-07-20,0.3333333333333333,0.3333333333333333,0.3333333333333333
2024-07-21,0.3333333333333333,0.3333333333333333,0.3333333333333333
2024-07-22,0.3333333333333333,0.3333333333333333,0.3333333333333333
2024-07-23,0.3333333333333333,0.3333333333333333,0.3333333333333333
2024-07-24,0.3333333333333333,0.3333333333333333,0.3333333333333333
2024-07-25,0.3333333333333333,0.3333333333333333,0.3333333333333333
2024-07-26,0.3333333333333333,0.3333333333333333,0.3333333333333333
2024-07-27,0.3333333333333333,0.3333333333333333,0.3333333333333333
2024-07-28,0.3333333333333333,0.3333333333333333,0.3333333333333333
2024-07-29,0.3333333333333333,0.3333333333333333,0.3333333333333333
2024-07-30,0.3333333333333333,0.3333333333333333,0.3333333333333333
2024-07-31,0.3333333333333333,0.3333333333333333,0.3333333333333333
2024-08-01,0.3333333333333333,0.3333333333333333,0.3333333333333333
2024-08-02,0.3333333333333333,0.3333333333333333,0.3333333333333333
2024-08-03,0.3333333333333333,0.3333333333333333,0.3333333333333333
2024-08-04,0.3333333333333333,0.3333333333333333,0.3333333333333333
2024-08-05,0.3333333333333333,0.3333333333333333,0.3333333333333333
2024-08-06,0.3333333333333333,0.3333333333333333,0.3333333333333333
2024-08-07,0.3333333333333333,0.3333333333333333,0.3333333333333333
2024-08-08,0.3333333333333333,0.3333333333333333,0.3333333333333333
2024-08-09,0.3333333333333333,0.3333333333333333,0.3333333333333333
2024-08-10,0.3333333333333333,0.3333333333333333,0.3333333333333333
2024-08-11,0.3333333333333333,0.3333333333333333,0.3333333333333333
2024-08-12,0.3333333333333333,0.3333333333333333,0.3333333333333333
2024-08-13,0.3333333333333333,0.3333333333333333,0.3333333333333333
2024-08-14,0.3333333333333333,0.3333333333333333,0.3333333333333333
2024-08-15,0.3333333333333333,0.3333333333333333,0.3333333333333333
2024-08-16,0.3333333333333333,0.3333333333333333,0.3333333333333333
2024-08-17,0.3333333333333333,0.3333333333333333,0.3333333333333333
2024-08-18,0.3333333333333333,0.3333333333333333,0.3333333333333333
2024-08-19,0.3333333333333333,0.3333333333333333,0.3333333333333333
2024-08-20,0.3333333333333333,0.3333333333333333,0.3333333333333333
2024-08-21,0.3333333333333333,0.3333333333333333,0.3333333333333333
2024-08-22,0.3333333333333333,0.3333333333333333,0.3333333333333333
2024-08-23,0.3333333333333333,0.3333333333333333,0.3333333333333333
2024-08-24,0.3333333333333333,0.3333333333333333,0.3333333333333333
2024-08-25,0.3333333333333333,0.3333333333333333,0.3333333333333333
2024-08-26,0.3333333333333333,0.3333333333333333,0.3333333333333333
2024-08-27,0.3333333333333333,0.3333333333333333,0.3333333333333333
2024-08-28,0.3333333333333333,0.3333333333333333,0.3333333333333333
2024-08-29,0.3333333333333333,0.3333333333333333,0.3333333333333333
2024-08-30,0.3333333333333333,0.3333333333333333,0.3333333333333333
2024-08-31,0.3333333333333333,0.3333333333333333,0.3333333333333333
2024-09-01,0.3333333333333333,0.3333333333333333,0.3333333333333333
2024-09-02,0.33660062951414055,0.33044545855665725,0.33295391192920226
2024-09-03,0.3355920640942177,0.33053440535710527,0.3338735305486769
2024-09-04,0.3339049759043916,0.32738719144080347,0.3387078326548049
2024-09-05,0.33314971406308336,0.3266840454674537,0.340166240469463
2024-09-06,0.3344526317772852,0.3294815062829317,0.3360658619397831
2024-09-07,0.33447263706887415,0.32976332733616853,0.3357640355949572
2024-09-08,0.33476854910685894,0.3296288715350541,0.3356025793580869
2024-09-09,0.33422403994087163,0.3299503902640907,0.3358255697950377
2024-09-10,0.3351435791388124,0.3307742622147927,0.3340821586463949
2024-09-11,0.3366821648936378,0.33094906933033386,0.33236876577602836
2024-09-12,0.33638552667381555,0.331734918692569,0.33187955463361546
2024-09-13,0.3371334723502682,0.3321428104484468,0.33072371720128496
2024-09-14,0.3383745448087498,0.33443887891269175,0.3271865762785584
2024-09-15,0.34011332182427345,0.33596360510719914,0.3239230730685274
2024-09-16,0.3430892869040569,0.33742208782989747,0.31948862526604555
2024-09-17,0.3472009229924879,0.3372544012479737,0.3155446757595384
2024-09-18,0.34888221428885097,0.33683904013430227,0.3142787455768467
2024-09-19,0.3485770745235949,0.33798667666497706,0.313436248811428
2024-09-20,0.3475425526395273,0.3403500396844919,0.31210740767598066
2024-09-21,0.3473432085368755,0.3384204321898443,0.3142363592732801
2024-09-22,0.34796822129550536,0.3373643480736514,0.31466743063084307
2024-09-23,0.34832813855204414,0.335406622469859,0.31626523897809694
2024-09-24,0.3477903048752544,0.3362436640226011,0.31596603110214455
2024-09-25,0.34927923652372284,0.3366770172558081,0.31404374622046904
2024-09-26,0.34805597494713736,0.3357976100503345,0.3161464150025281
2024-09-27,0.347480131688826,0.33519279874794544,0.3173270695632285
2024-09-28,0.34483194667402456,0.33428511632598346,0.32088293699999204
2024-09-29,0.3460591342540199,0.3351980552467599,0.3187428104992202
2024-09-30,0.3458058578427169,0.3366593889969855,0.3175347531602978
2024-10-01,0.34712021357400347,0.3371497454571101,0.3157300409688864
2024-10-02,0.3465132310921767,0.3363311225959848,0.3171556463118384
2024-10-03,0.34570880432093415,0.336708591088775,0.3175826045902909
2024-10-04,0.3465265177863403,0.33598818073093223,0.3174853014827276
2024-10-05,0.3479118099358545,0.33592888671387305,0.31615930335027237
2024-10-06,0.3489563576301261,0.3369206615927615,0.31412298077711226
2024-10-07,0.34892673286192516,0.33726278832935047,0.3138104788087244
2024-10-08,0.34891215422455746,0.3370877931002642,0.3140000526751783
2024-10-09,0.35096851026480863,0.33789916281598487,0.3111323269192064
2024-10-10,0.35076000802081997,0.3389832800076161,0.3102567119715639
2024-10-11,0.352842874224587,0.34132337486445175,0.3058337509109612
2024-10-12,0.35282059885990497,0.34265131363939566,0.3045280875006994
2024-10-13,0.35317016341608265,0.3443312665983302,0.30249856998558716
2024-10-14,0.356017183210112,0.3435362001262823,0.3004466166636056
2024-10-15,0.35743168707405626,0.3428716115372212,0.2996967013887226
2024-10-16,0.3582621580422519,0.34248234730491134,0.2992554946528368
2024-10-17,0.35867298451876084,0.3431761343267567,0.29815088115448246
2024-10-18,0.35749756887961015,0.3425539599141197,0.29994847120627016
2024-10-19,0.35750745742446577,0.34274288087086935,0.29974966170466494
2024-10-20,0.3569544037173363,0.34348245254550364,0.29956314373716014
2024-10-21,0.35614900801019045,0.3419951489765336,0.30185584301327595
2024-10-22,0.3573158313250159,0.34108431679376056,0.3015998518812237
2024-10-23,0.35719950195407085,0.3402377955256033,0.3025627025203259
2024-10-24,0.3555835357278478,0.34153196243314743,0.3028845018390048
2024-10-25,0.35467276135080217,0.3433563189238726,0.3019709197253252
2024-10-26,0.3536523900552564,0.34208684194690125,0.30426076799784235
2024-10-27,0.35355773030709897,0.3426729328529522,0.3037693368399489
2024-10-28,0.3534796320447103,0.34393215709506714,0.30258821086022253
2024-10-29,0.3522971027687966,0.3446537189155202,0.3030491783156831
2024-10-30,0.3540418058114636,0.34368415012844644,0.30227404406008995
2024-10-31,0.3554237585360489,0.34319161680145255,0.30138462466249855
2024-11-01,0.3567544371777404,0.34677347092674726,0.2964720918955124
2024-11-02,0.3584326504620021,0.346869437425957,0.29469791211204077
2024-11-03,0.36060444938933495,0.3492616173999446,0.2901339332107204
2024-11-04,0.36233552798613233,0.34963312033821015,0.2880313516756575
2024-11-05,0.36208580669669777,0.34723313481221163,0.29068105849109055
2024-11-06,0.3641678130003447,0.344211636713415,0.2916205502862403
2024-11-07,0.36220218687428896,0.34175512920675805,0.29604268391895294
2024-11-08,0.36386016496254814,0.3425804298120739,0.29355940522537793
2024-11-09,0.36464531849218806,0.3437086392688733,0.29164604223893864
2024-11-10,0.3638227004002076,0.34389170923859025,0.29228559036120216
2024-11-11,0.36412601282678375,0.34289352744799145,0.2929804597252247
2024-11-12,0.36320049639863955,0.34358655678731675,0.2932129468140438
2024-11-13,0.3611785799058978,0.34441665138589966,0.2944047687082024
2024-11-14,0.3609467461420895,0.34422457577507815,0.2948286780828324
2024-11-15,0.36285234578181663,0.3454749917729312,0.29167266244525225
2024-11-16,0.3636740396551353,0.34603372791942805,0.2902922324254366
2024-11-17,0.36448413901019905,0.3475343937715153,0.28798146721828566
2024-11-18,0.36455777804377293,0.34579762960436966,0.28964459235185736
2024-11-19,0.36294874622890744,0.3454529695336718,0.2915982842374208
2024-11-20,0.36283105849496,0.345844188621799,0.291324752883241
2024-11-21,0.36154974869011447,0.34600676360398336,0.29244348770590217
2024-11-22,0.3596531081865777,0.346225330212995,0.2941215616004274
2024-11-23,0.35954443104126255,0.3463948221425295,0.29406074681620803
2024-11-24,0.3598377983835347,0.3466686363309281,0.2934935652855371
2024-11-25,0.36223560013680023,0.34668586436978244,0.29107853549341733
2024-11-26,0.3626037625155006,0.34509343530810377,0.29230280217639565
2024-11-27,0.36265269071378436,0.34348570281869467,0.2938616064675209
2024-11-28,0.3639611125019975,0.3411164542651132,0.2949224332328893
2024-11-29,0.3664151663847836,0.34148374861576547,0.292101084999451
2024-11-30,0.3661814521999892,0.3404157083221929,0.29340283947781787
2024-12-01,0.36631725337945925,0.3393927895166897,0.294289957103851
2024-12-02,0.36642019647082563,0.33940930168106304,0.29417050184811133
2024-12-03,0.36360804667812185,0.3415685982134961,0.294823355108382
2024-12-04,0.36359469865008365,0.340911731279128,0.2954935700707883
2024-12-05,0.3620176947770983,0.33969386289582343,0.2982884423270783
2024-12-06,0.36399092636898234,0.33674742871635205,0.29926164491466556
2024-12-07,0.3640213438467168,0.3366895640439819,0.29928909210930127
2024-12-08,0.36398583428498,0.33514215316956286,0.3008720125454571
2024-12-09,0.3645095463938768,0.3345892677488893,0.300901185857234
2024-12-10,0.3635832254660116,0.3340027523224318,0.30241402221155667
2024-12-11,0.3641544027025407,0.3335130902903975,0.30233250700706177
2024-12-12,0.3637361278157219,0.3329747758517408,0.3032890963325374
2024-12-13,0.3634643351276387,0.3316509760991872,0.30488468877317415
2024-12-14,0.36050747962407587,0.3333573385819404,0.30613518179398375
2024-12-15,0.3613200771596206,0.3345718599471319,0.3041080628932475
2024-12-16,0.36054056806018947,0.3327176036317072,0.30674182830810326
2024-12-17,0.3614680273530647,0.3334267879725626,0.3051051846743727
2024-12-18,0.36160237909809506,0.33346143560586705,0.3049361852960379
2024-12-19,0.3630782545688736,0.333330807661622,0.30359093776950435
2024-12-20,0.36285320882483796,0.33417110309200926,0.30297568808315284
2024-12-21,0.3619130773396501,0.3348040880438057,0.30328283461654415
2024-12-22,0.3620650632615562,0.3356337920548324,0.3023011446836116
2024-12-23,0.3597266327355218,0.33795526041330154,0.3023181068511768
2024-12-24,0.35856836747279486,0.3395087006440217,0.3019229318831835
2024-12-25,0.35874911285660727,0.34265204409247535,0.2985988430509175
2024-12-26,0.3579412338435508,0.34345765316591825,0.2986011129905309
2024-12-27,0.3584644561996502,0.3431733948887995,0.29836214891155016
2024-12-28,0.3593065564434095,0.34335283179378256,0.2973406117628079
2024-12-29,0.3585904069876796,0.3442178793162012,0.29719171369611935
2024-12-30,0.3583141149973201,0.345346807354691,0.296339077647989
2024-12-31,0.3569771238164731,0.3435211995898286,0.2995016765936982
2025-01-01,0.3577071445441619,0.3426111263262625,0.29968172912957564
2025-01-02,0.35795010474149386,0.34770225789859865,0.2943476373599076
2025-01-03,0.35845132105794186,0.34641048063883,0.29513819830322824
2025-01-04,0.35859434333436063,0.34654234361118014,0.2948633130544591
2025-01-05,0.3579162146896235,0.3467915294812546,0.29529225582912205
2025-01-06,0.3596166800696547,0.3508218887474811,0.28956143118286404
2025-01-07,0.35893268595263933,0.3502122380524363,0.29085507599492444
2025-01-08,0.35777495585107044,0.34908635473266614,0.2931386894162634
2025-01-09,0.3534956235799532,0.34904157712062156,0.2974627992994253
2025-01-10,0.35278735250371607,0.34946605072911846,0.2977465967671655
2025-01-11,0.3521858286863106,0.34688128416775244,0.300932887145937
2025-01-12,0.352817340933585,0.3439415137665211,0.30324114529989377
2025-01-13,0.3523763387870473,0.34131832540402024,0.3063053358089323
2025-01-14,0.34901558920101533,0.34016083881187453,0.3108235719871103
2025-01-15,0.346989768235604,0.33843621098019566,0.31457402078420027
2025-01-16,0.34440243845056856,0.3407283518914708,0.31486920965796056
2025-01-17,0.34474934229193477,0.34246875389049153,0.31278190381757365
2025-01-18,0.3449801148455907,0.34166188409507076,0.3133580010593386
2025-01-19,0.34471061165489775,0.34022054406151486,0.3150688442835874
2025-01-20,0.3459681625875136,0.3400320866686167,0.3139997507438697
2025-01-21,0.3470871212341859,0.33983473846534795,0.31307814030046627
2025-01-22,0.3473742456719871,0.33903901881546866,0.3135867355125443
2025-01-23,0.34459808378776374,0.3388049165256774,0.3165969996865589
2025-01-24,0.3429433222929229,0.3390549181412567,0.3180017595658203
2025-01-25,0.3422980737825837,0.3400704679437722,0.3176314582736441
2025-01-26,0.34322558906093753,0.34086351950050137,0.3159108914385611
2025-01-27,0.3426154467635533,0.3429261024318677,0.31445845080457896
2025-01-28,0.3405290924384405,0.3425674924812504,0.31690341508030917
2025-01-29,0.3404590348504513,0.3427246305436665,0.3168163346058822
2025-01-30,0.34019072995865934,0.34375001985969833,0.31605925018164227
2025-01-31,0.34000122622682577,0.34252931204403003,0.31746946172914414
2025-02-01,0.3421602180656495,0.33899510556424156,0.318844676370109
2025-02-02,0.3423502853593086,0.3377962352312558,0.31985347940943554
2025-02-03,0.3434284096467578,0.3375147569975436,0.31905683335569857
2025-02-04,0.3416322263715276,0.33986190013990475,0.3185058734885677
2025-02-05,0.3412723210218978,0.33933446230037206,0.31939321667773013
2025-02-06,0.340344257331702,0.3384359719540697,0.3212197707142283
2025-02-07,0.33956964514299026,0.33771196748586196,0.32271838737114783
2025-02-08,0.3390655509031741,0.33580822896022017,0.3251262201366057
2025-02-09,0.33825067524764524,0.3350441628935599,0.3267051618587948
2025-02-10,0.3376995657403005,0.3343592945253765,0.327941139734323
2025-02-11,0.3374465179801511,0.3358850885903429,0.32666839342950615
2025-02-12,0.3398565654160015,0.3343566919444427,0.3257867426395558
2025-02-13,0.3391851429987962,0.3321061748857208,0.32870868211548304
2025-02-14,0.33958718541154537,0.33375080199357704,0.32666201259487765
2025-02-15,0.337315420358739,0.3315833828200545,0.3311011968212064
2025-02-16,0.3382298696052346,0.3313528332584323,0.330417297136333
2025-02-17,0.33812557374092694,0.33016609296121363,0.33170833329785954
2025-02-18,0.33800052016173227,0.3286307715419006,0.3333687082963671
2025-02-19,0.33822231266387925,0.3291069399167125,0.3326707474194083
2025-02-20,0.3369294576818811,0.32851866626967496,0.33455187604844383
2025-02-21,0.3406276413466305,0.3296644606542451,0.3297078979991244
2025-02-22,0.3411155296562822,0.3284288760541318,0.330455594289586
2025-02-23,0.3410082302038775,0.32738293180831674,0.3316088379878057
2025-02-24,0.3426135633182361,0.32663765982567666,0.3307487768560873
2025-02-25,0.34261446151701763,0.326970571590713,0.3304149668922693
2025-02-26,0.3423485901035778,0.32740836911657784,0.33024304077984423
2025-02-27,0.3412394625886158,0.3285050023441392,0.3302555350672449
2025-02-28,0.34050130233968134,0.3277766302508729,0.3317220674094458
2025-03-01,0.3392057093053897,0.32813537209323723,0.33265891860137314
2025-03-02,0.33834558659062114,0.3282980769542997,0.3333563364550792
2025-03-03,0.3388075914158101,0.3242652251873886,0.3369271833968012
2025-03-04,0.33786579564806346,0.3256591326086812,0.33647507174325547
2025-03-05,0.3383298023584994,0.3253010609688668,0.33636913667263374
2025-03-06,0.33720053776536474,0.32832104381939076,0.33447841841524456
2025-03-07,0.3349720945076681,0.3273033223071763,0.3377245831851557
2025-03-08,0.3364304056154756,0.3274523621239097,0.33611723226061463
2025-03-09,0.3361330927593846,0.32653326966139773,0.3373336375792177
2025-03-10,0.340788065040384,0.3260619948519353,0.3331499401076807
2025-03-11,0.3424641619444987,0.3265042349753041,0.33103160308019725
2025-03-12,0.3445224344171371,0.328243471822292,0.3272340937605709
2025-03-13,0.3446595938519551,0.3277774748085012,0.3275629313395438
2025-03-14,0.346024016971313,0.330280025785614,0.32369595724307304
2025-03-15,0.3481472277955492,0.3294100566578059,0.32244271554664483
2025-03-16,0.34958527178741916,0.3310720812190445,0.3193426469935362
2025-03-17,0.35359326836466387,0.32814906336562766,0.31825766826970836
2025-03-18,0.3521928694678807,0.3269495275948654,0.32085760293725385
2025-03-19,0.35499729555189535,0.32784661943949783,0.31715608500860687
2025-03-20,0.355361176466208,0.32843092027923204,0.31620790325456005
2025-03-21,0.3552652904563427,0.3284640374562748,0.3162706720873826
2025-03-22,0.3559033869869732,0.3290506808339903,0.3150459321790364
2025-03-23,0.35764534012745913,0.33084882123328996,0.3115058386392508
2025-03-24,0.36082591868427155,0.32950943474498545,0.30966464657074305
2025-03-25,0.3602205346290182,0.33049238506181516,0.30928708030916663
2025-03-26,0.36096809834007815,0.3307914727648816,0.3082404288950403
2025-03-27,0.3608380077814472,0.3319453821782951,0.3072166100402576
2025-03-28,0.3600013155569732,0.3322882959773818,0.307710388465645
2025-03-29,0.3601965726797604,0.33283973577994813,0.3069636915402914
2025-03-30,0.36022136970026625,0.332359566688835,0.30741906361089893
2025-03-31,0.3599297681015797,0.3313209517413329,0.30874928015708747
2025-04-01,0.36176606621213275,0.3340887430546561,0.304145190733211
2025-04-02,0.3623544756540581,0.3377134505152986,0.29993207383064313
2025-04-03,0.3640196458070581,0.3412359622070458,0.29474439198589614
2025-04-04,0.3656487664332759,0.34252546312159055,0.2918257704451334
2025-04-05,0.3665427749829612,0.3435255823105366,0.28993164270650235
2025-04-06,0.36682013869373936,0.3453830038856181,0.2877968574206424
2025-04-07,0.3656371451216334,0.34706541982181166,0.2872974350565549
2025-04-08,0.3673449281510005,0.3488089618880175,0.2838461099609819
2025-04-09,0.3679885386108155,0.3491209253423911,0.28289053604679343
2025-04-10,0.36924435946460277,0.3500801697135765,0.28067547082182076
2025-04-11,0.3688474267334402,0.35130058437649087,0.27985198889006885
2025-04-12,0.3699406999743472,0.3524857585733319,0.2775735414523208
2025-04-13,0.3687607896104392,0.3538371575155071,0.27740205287405373
2025-04-14,0.3683656474752227,0.3554314597324557,0.27620289279232146
2025-04-15,0.3689130613396619,0.3558067789644391,0.275280159695899
2025-04-16,0.3716218271574985,0.35702419754455356,0.271353975297948
2025-04-17,0.3710874165410345,0.35679840864646856,0.2721141748124971
2025-04-18,0.36985785916109953,0.35790698884285893,0.2722351519960415
2025-04-19,0.3699842501062737,0.35963185372560996,0.27038389616811637
2025-04-20,0.3706695131538597,0.359124880679937,0.27020560616620337
2025-04-21,0.3707662659921899,0.36046528470649036,0.26876844930131966
2025-04-22,0.3703687560249359,0.3579949514994068,0.27163629247565735
2025-04-23,0.36941336055279517,0.36137738741578024,0.26920925203142476
2025-04-24,0.3681772075293234,0.36160296990119234,0.27021982256948424
2025-04-25,0.3672555912682334,0.3624140110301966,0.27033039770157014
2025-04-26,0.36723609443244065,0.36315953850832355,0.26960436705923574
2025-04-27,0.3686282150920605,0.36445416814922016,0.26691761675871933
2025-04-28,0.36826517492482264,0.3652845582448519,0.2664502668303256
2025-04-29,0.36701594817515937,0.3665756834913513,0.2664083683334892
2025-04-30,0.36817759117427634,0.36633321092175813,0.2654891979039656
2025-05-01,0.3679783898952253,0.3670521816934515,0.26496942841132326
2025-05-02,0.36413116462773387,0.36935655424087654,0.26651228113138953
2025-05-03,0.36507594876987565,0.36871476592073965,0.26620928530938476
2025-05-04,0.36522763362292004,0.3681152403071179,0.266657126069962
2025-05-05,0.3674209466772448,0.36665761957186127,0.26592143375089394
2025-05-06,0.3697193594855642,0.3673557366753512,0.2629249038390844
2025-05-07,0.36846310150888034,0.3678357125887839,0.26370118590233593
2025-05-08,0.36808911231671926,0.368584727110784,0.2633261605724967
2025-05-09,0.3666501845162971,0.36928154567848437,0.2640682698052186
2025-05-10,0.3663722381573423,0.3688467333006797,0.26478102854197794
2025-05-11,0.3653832153696095,0.3703123423600491,0.26430444227034133
2025-05-12,0.36565913671742617,0.37060359286084654,0.26373727042172723
2025-05-13,0.365281387429325,0.37017575700097477,0.26454285556970036
2025-05-14,0.36569703448885305,0.36996283989697354,0.26434012561417336
2025-05-15,0.36537237924710436,0.3699063299539821,0.26472129079891354
2025-05-16,0.36324081268735486,0.37014470907872743,0.2666144782339177
2025-05-17,0.3617026288460642,0.3717157790723926,0.2665815920815433
2025-05-18,0.3596668584485593,0.3728316324856028,0.26750150906583786
2025-05-19,0.3585230422019002,0.3756898677447358,0.26578709005336404
2025-05-20,0.3584539605399679,0.3770849247929232,0.264461114667109
2025-05-21,0.3576220349226996,0.37871291977026267,0.2636650453070378
2025-05-22,0.35576002212900953,0.3776159769475577,0.26662400092343275
2025-05-23,0.35478579378281827,0.3798739491149739,0.2653402571022078
2025-05-24,0.35445655745391563,0.3777254441243191,0.2678179984217654
2025-05-25,0.3541118177567962,0.37621386027315057,0.26967432197005314
2025-05-26,0.3551523559300537,0.37571334572252457,0.26913429834742186
2025-05-27,0.3562100532132986,0.37624911985549003,0.26754082693121134
2025-05-28,0.3558042116781125,0.3756936261843767,0.2685021621375108
2025-05-29,0.3606969927832166,0.36833472907956083,0.27096827813722263
2025-05-30,0.3663431641143297,0.3617034923827363,0.27195334350293393
2025-05-31,0.3707849878594168,0.3517212937497236,0.2774937183908596
2025-06-01,0.37499782918732777,0.34419678222830646,0.2808053885843657
2025-06-02,0.3785693251806605,0.33321110202267906,0.28821957279666033
2025-06-03,0.37850425181087133,0.3284243303106306,0.293071417878498
2025-06-04,0.3774445407379285,0.32884563052479343,0.293709828737278
2025-06-05,0.37770698016031623,0.32777000769034675,0.29452301214933707
2025-06-06,0.3786314869315375,0.3274385768185601,0.2939299362499025
2025-06-07,0.3781737899466048,0.32741689392422113,0.29440931612917404
2025-06-08,0.3769861372703542,0.3276552459715903,0.2953586167580554
2025-06-09,0.3756729811401113,0.3253967525479374,0.29893026631195135
2025-06-10,0.37604942485776044,0.32737245116410746,0.29657812397813205
2025-06-11,0.37504574414852027,0.32621392692050766,0.2987403289309721
2025-06-12,0.37474926655157137,0.3257012215250161,0.29954951192341245
2025-06-13,0.37504333803230894,0.3249596581956019,0.29999700377208915
2025-06-14,0.37415939708636686,0.32362582251872346,0.3022147803949097
2025-06-15,0.37411241477938584,0.32307684862245256,0.3028107365981617
2025-06-16,0.37450266300192026,0.3216755755218125,0.30382176147626727
2025-06-17,0.37515972045684937,0.32211226309780444,0.30272801644534625
2025-06-18,0.37529374934069093,0.32100704414097064,0.3036992065183383
2025-06-19,0.37448875351091315,0.3209927622929691,0.3045184841961179
2025-06-20,0.37607721167241775,0.32326026724157597,0.3006625210860061
2025-06-21,0.37728841003982194,0.32151171389508876,0.3011998760650893
2025-06-22,0.3785187978097757,0.3176972138067765,0.3037839883834478
2025-06-23,0.37786252125417286,0.3174619418601783,0.30467553688564886
2025-06-24,0.37817304365898696,0.31769393374678256,0.3041330225942306
2025-06-25,0.3784018839810346,0.3173950751669977,0.3042030408519677
2025-06-26,0.3760611485936196,0.31597499277658225,0.30796385862979825
2025-06-27,0.3771429265542792,0.316997437102561,0.3058596363431598
2025-06-28,0.37752522574836483,0.31721025707710754,0.30526451717452757
2025-06-29,0.37748616458240175,0.3170151473385987,0.3054986880789996
2025-06-30,0.3780750091326702,0.31611488433019297,0.3058101065371368
2025-07-01,0.3782411616732366,0.31436128553234655,0.3073975527944168
2025-07-02,0.37644976349035314,0.31490102926234703,0.30864920724729983
2025-07-03,0.37576599422561435,0.31473356768153166,0.30950043809285405
2025-07-04,0.37422521828131033,0.31519700451205807,0.3105777772066317
2025-07-05,0.3734916313136496,0.314039085623758,0.3124692830625923
2025-07-06,0.3734983919008309,0.31346353309028563,0.3130380750088834
2025-07-07,0.3731852287525806,0.31329991023217113,0.3135148610152483
2025-07-08,0.3751210728036052,0.3152475632805841,0.30963136391581075
2025-07-09,0.37427792864837806,0.31640864966229376,0.3093134216893283
2025-07-10,0.3741445281159235,0.3155351922458444,0.31032027963823205
2025-07-11,0.37398691992455285,0.3155577928142146,0.31045528726123267
2025-07-12,0.3742224109904322,0.3160248257842944,0.30975276322527334
2025-07-13,0.37390808683221094,0.3156491865069146,0.3104427266608746
2025-07-14,0.37620381379912304,0.31680246274169566,0.3069937234591813
2025-07-15,0.37724877766648884,0.3171426233679515,0.3056085989655597
2025-07-16,0.37923123747149423,0.316548011075637,0.30422075145286875
2025-07-17,0.3804695268502959,0.31554941954543464,0.30398105360426936
2025-07-18,0.38168322246883263,0.3142018598124931,0.3041149177186742
2025-07-19,0.38139958736158147,0.3136061075599826,0.304994305078436
2025-07-20,0.38249269699338423,0.3124565989574434,0.30505070404917245
2025-07-21,0.3830895021727703,0.31210354359767273,0.3048069542295568
2025-07-22,0.3822374305258726,0.3098892314573699,0.3078733380167576
2025-07-23,0.3835902642235335,0.3096068115900248,0.3068029241864419
2025-07-24,0.3837495764169591,0.3100136966705597,0.30623672691248127
2025-07-25,0.3829993862779642,0.30912827490989414,0.3078723388121416
2025-07-26,0.3826205459052556,0.30823201340621476,0.3091474406885296
2025-07-27,0.3821440582395768,0.3082694956711582,0.309586446089265
2025-07-28,0.3781270049351975,0.3148128028707462,0.3070601921940563
2025-07-29,0.3743389690693326,0.3211021029047582,0.30455892802590917
2025-07-30,0.3708444621502264,0.32827199804134083,0.30088353980843285
2025-07-31,0.3662001029578952,0.3343259182257359,0.29947397881636895
2025-08-01,0.3606184721659266,0.34399017432686424,0.295391353507209
2025-08-02,0.3578585503461739,0.34934128833906314,0.2928001613147631
2025-08-03,0.3587407051993985,0.34852209097561093,0.29273720382499063
2025-08-04,0.358548899964728,0.34844159291974974,0.29300950711552226
2025-08-05,0.35848761935352536,0.3484909846646956,0.29302139598177895
2025-08-06,0.3577027097776277,0.34741221363308733,0.29488507658928503
2025-08-07,0.3600319199979675,0.34888786214646145,0.29108021785557114
2025-08-08,0.3599746849149445,0.3512198241071293,0.28880549097792607
2025-08-09,0.35966601773908635,0.3497888945769652,0.29054508768394843
2025-08-10,0.3610684107326916,0.3484490243446512,0.29048256492265717
2025-08-11,0.36265949317975393,0.3489587177785016,0.2883817890417445
2025-08-12,0.3627131557424924,0.349740434228427,0.28754641002908066
2025-08-13,0.362417182943035,0.3502494845587941,0.2873333324981708
2025-08-14,0.36265405592327216,0.3503225449865526,0.28702339909017527
2025-08-15,0.3632888710769392,0.35079373945050396,0.2859173894725569
2025-08-16,0.3642378210906977,0.350926841273496,0.2848353376358063
2025-08-17,0.36435740044669246,0.35054005937309873,0.28510254018020886
2025-08-18,0.3652772235195725,0.34978961051534413,0.28493316596508345
2025-08-19,0.3615683749104019,0.34845838088202064,0.28997324420757753
2025-08-20,0.35942274112964445,0.3504420367248338,0.2901352221455217
2025-08-21,0.3586573998722754,0.35251059368387594,0.2888320064438487
2025-08-22,0.3594550458542213,0.3518562196649966,0.28868873448078225
2025-08-23,0.36038043305056383,0.3517427940527787,0.2878767728966575
2025-08-24,0.35966168382667535,0.3517748367897754,0.2885634793835493
2025-08-25,0.3608009313979164,0.35327261652354536,0.2859264520785383
2025-08-26,0.3610660791158528,0.35013789693507735,0.2887960239490699
2025-08-27,0.3617008113610026,0.3496946741322654,0.28860451450673197
2025-08-28,0.36117021784473063,0.3495501953490127,0.2892795868062566
2025-08-29,0.3595530824435466,0.3515016141278354,0.28894530342861796
2025-08-30,0.36301236389641106,0.35131079359931194,0.28567684250427705
2025-08-31,0.3634799246374387,0.35397502050452423,0.28254505485803705
2025-09-01,0.36183368523498827,0.35641988595001894,0.28174642881499284
2025-09-02,0.36180915039967215,0.3569156135611447,0.2812752360391831
2025-09-03,0.3620791687861882,0.3570059775519133,0.2809148536618985
2025-09-04,0.36190130448735935,0.3565203670565242,0.2815783284561165
2025-09-05,0.3638220828480909,0.35665069087281187,0.2795272262790972
2025-09-06,0.36234949498970637,0.3554118609045684,0.2822386441057253
2025-09-07,0.3641992909359701,0.35404632035421607,0.28175438870981384
2025-09-08,0.36420533428118307,0.3537774632065524,0.2820172025122646
2025-09-09,0.3651760846557789,0.35035683218386693,0.28446708316035424
2025-09-10,0.36349803783212037,0.34776038111113583,0.2887415810567438
2025-09-11,0.3625232266101976,0.34797530646128766,0.28950146692851475
2025-09-12,0.35979889894133327,0.34599859024334617,0.2942025108153207
2025-09-13,0.35972377582749515,0.34544001429461846,0.29483620987788645
2025-09-14,0.3601631758654163,0.34563567856061733,0.2942011455739662
2025-09-15,0.3613842956259178,0.3474435508019628,0.29117215357211934
2025-09-16,0.36195953577941736,0.3470392684123793,0.29100119580820316
2025-09-17,0.3642250205811547,0.3501861965684319,0.2855887828504134
2025-09-18,0.3641883336870743,0.348667276204186,0.2871443901087396
2025-09-19,0.3630076486499427,0.34890149183717883,0.28809085951287844
2025-09-20,0.3643906844102972,0.34926654057572754,0.2863427750139753
2025-09-21,0.36477881405283774,0.3508158874018857,0.28440529854527663
2025-09-22,0.3633274563617278,0.35197157513901334,0.2847009684992587
2025-09-23,0.36344099359402376,0.3517904294901534,0.2847685769158228
2025-09-24,0.362513397580566,0.352463520923843,0.28502308149559097
2025-09-25,0.3654981156858969,0.3538786985460343,0.2806231857680687
2025-09-26,0.36722903737998586,0.3534729384724371,0.27929802414757704
2025-09-27,0.3665510634138643,0.3538894026627646,0.2795595339233711
2025-09-28,0.3639085340411898,0.35309692968787393,0.2829945362709362
2025-09-29,0.36352371692624746,0.3533467722842833,0.2831295107894692
2025-09-30,0.36329152671430703,0.35493187830965484,0.2817765949760381
2025-10-01,0.3643481857961282,0.3551027589754952,0.28054905522837653
2025-10-02,0.36332096576341316,0.35460562110482924,0.2820734131317577
2025-10-03,0.3627697071684344,0.3549976714687345,0.28223262136283117
2025-10-04,0.3640370788610676,0.3539099195913184,0.28205300154761387
2025-10-05,0.36545815473201626,0.35643123775507907,0.2781106075129047
2025-10-06,0.3631431385570643,0.3542208927053852,0.28263596873755054
2025-10-07,0.36342416272089495,0.3570419843247911,0.279533852954314
2025-10-08,0.36440541975231194,0.3576207809462147,0.2779737993014735
2025-10-09,0.3626852855312901,0.35826869555214147,0.2790460189165685
2025-10-10,0.36188258002995993,0.357188294744945,0.2809291252250952
2025-10-11,0.36138005035137477,0.35758630363054617,0.28103364601807895
2025-10-12,0.36028350570331885,0.358372183895208,0.28134431040147323
2025-10-13,0.3596282637026843,0.3595278781709521,0.28084385812636364
2025-10-14,0.357674709757557,0.3610712243553581,0.28125406588708485
2025-10-15,0.35586787133534803,0.3612598104297593,0.28287231823489273
2025-10-16,0.35507201931132487,0.3632045305951241,0.2817234500935511
2025-10-17,0.3551060204361719,0.36483550243192725,0.28005847713190085
2025-10-18,0.3576257489352449,0.36278396642615296,0.27959028463860214
2025-10-19,0.35837862606339815,0.36389737342502765,0.27772400051157403
2025-10-20,0.35872464067640114,0.364413294436158,0.27686206488744075
2025-10-21,0.3595328405512302,0.3666549511131066,0.2738122083356631
2025-10-22,0.35845972495717054,0.3667921281745738,0.27474814686825555
2025-10-23,0.3594130029168705,0.3674520058341574,0.273134991248972
2025-10-24,0.3589877287862898,0.3687570528314823,0.27225521838222794
2025-10-25,0.35915050283777344,0.36995000682419454,0.27089949033803196
2025-10-26,0.3593146682284126,0.3695985815016918,0.2710867502698956
2025-10-27,0.3591533519638558,0.3703093276829119,0.27053732035323225
2025-10-28,0.36036979292373833,0.37185642921207995,0.26777377786418183
2025-10-29,0.36093243333672204,0.3707602705610259,0.268307296102252
2025-10-30,0.36128060325473954,0.3708242080492383,0.26789518869602214
2025-10-31,0.36139328045865415,0.3719127996928223,0.2666939198485235
2025-11-01,0.3624747706443888,0.37360321292205606,0.2639220164335552
2025-11-02,0.36264965624598744,0.3750079630046128,0.2623423807493998
2025-11-03,0.36327611308714713,0.3784217240594857,0.25830216285336716
2025-11-04,0.3636357399020844,0.37984098150117535,0.25652327859674023
2025-11-05,0.362758651988644,0.3802801992047608,0.25696114880659515
2025-11-06,0.3619343654095558,0.38060778697566844,0.2574578476147757
2025-11-07,0.36251823751297135,0.3804370103822966,0.257044752104732
2025-11-08,0.3617378370750274,0.3829692168902366,0.25529294603473596
2025-11-09,0.36308696978366606,0.3849971911567155,0.25191583905961845
2025-11-10,0.3645433945819516,0.38500446668443944,0.25045213873360894
2025-11-11,0.3655109606847296,0.3852058613436712,0.24928317797159932
2025-11-12,0.36425329425305447,0.38662346725366253,0.24912323849328286
2025-11-13,0.3636801671775392,0.3870287542671845,0.2492910785552762
2025-11-14,0.3642726986657444,0.3866434159874626,0.2490838853467931
2025-11-15,0.3632981155861313,0.3885558293047781,0.2481460551090906
2025-11-16,0.3618217501229873,0.38668252674478476,0.2514957231322279
2025-11-17,0.361033391695753,0.38834158183136147,0.25062502647288554
2025-11-18,0.3617660699211733,0.38840270298731233,0.24983122709151445
2025-11-19,0.3613622007875225,0.38984992909374405,0.2487878701187335
2025-11-20,0.35995811698617786,0.3896738387773664,0.2503680442364557
2025-11-21,0.36109242491696514,0.3898753640702661,0.24903221101276887
2025-11-22,0.35875949916861627,0.3916519057249889,0.24958859510639492
2025-11-23,0.3592795818392089,0.39150276270580864,0.24921765545498242
2025-11-24,0.35866061811187633,0.389522788329331,0.25181659355879266
2025-11-25,0.3538240944600515,0.38881203050311847,0.2573638750368301
2025-11-26,0.34930896575493636,0.3817519548885717,0.26893907935649203
2025-11-27,0.3549833854328743,0.3871431547526864,0.25787345981443927
2025-11-28,0.3539175485768623,0.38887041574223385,0.2572120356809039
2025-11-29,0.3544275456304059,0.38973762367458764,0.25583483069500645
2025-11-30,0.352600561214751,0.3900680886920209,0.25733135009322805
2025-12-01,0.35297458678496724,0.39090852337815213,0.2561168898368806
2025-12-02,0.3538174058392357,0.38908584056348816,0.25709675359727613
2025-12-03,0.354620023860787,0.39152717250854835,0.25385280363066465
2025-12-04,0.3530429891971535,0.38953783835855976,0.25741917244428675
2025-12-05,0.3530593262273599,0.391351062347444,0.2555896114251961
2025-12-06,0.3530249454704693,0.3890214642738343,0.2579535902556963
2025-12-07,0.3521597468143235,0.3881619772956677,0.2596782758900089
2025-12-08,0.35250258372654225,0.38757360459528345,0.25992381167817424
2025-12-09,0.351814162934291,0.38901359652618706,0.259172240539522
2025-12-10,0.3521288253875941,0.387318056867274,0.260553117745132
2025-12-11,0.3516309336620308,0.38645931021901064,0.26190975611895856
2025-12-12,0.3519678678428914,0.3858372699103539,0.26219486224675476
2025-12-13,0.3526963337247736,0.3864130301373115,0.26089063613791486
2025-12-14,0.3531326199258533,0.3851482697343642,0.2617191103397824
2025-12-15,0.35358062386145755,0.38438238575696987,0.2620369903815727
2025-12-16,0.3530073785908159,0.3832263081421316,0.2637663132670524
2025-12-17,0.3529474630847955,0.38322781077503976,0.26382472614016483
2025-12-18,0.3524750679714238,0.3820877192805515,0.2654372127480246
2025-12-19,0.35002420085620506,0.3820789456427825,0.2678968535010125
2025-12-20,0.3504576928602765,0.37985850131570015,0.26968380582402324
2025-12-21,0.35095681650739746,0.37839585926708363,0.270647324225519
2025-12-22,0.3503446944309238,0.37762633509416643,0.2720289704749098
2025-12-23,0.350022443244575,0.3753425498596972,0.27463500689572784
2025-12-24,0.3505671336046356,0.37355188255016536,0.2758809838451988
2025-12-25,0.3501533877564514,0.37402443805116226,0.2758221741923864
2025-12-26,0.34914909602881666,0.37542309117785766,0.27542781279332573
2025-12-27,0.34797396187583896,0.3741494195478977,0.2778766185762633
2025-12-28,0.34608710356557215,0.3752133763083735,0.27869952012605426
2025-12-29,0.3451164527482834,0.37376487622137133,0.2811186710303454
2025-12-30,0.345366528171069,0.3727061385575378,0.28192733327139313
2025-12-31,0.3443382095218816,0.3707688083781101,0.28489298210000824
2026-01-01,0.3442613579105035,0.36936771785436234,0.2863709242351342
2026-01-02,0.34530461722327915,0.3682685148149885,0.2864268679617324
2026-01-03,0.34632739376683747,0.37003743377688664,0.28363517245627595
2026-01-04,0.34680675461643967,0.369505842081585,0.2836874033019755
2026-01-05,0.34720542358424583,0.3688776695728669,0.2839169068428872
2026-01-06,0.34724715712504056,0.37235447911865915,0.2803983637563002
2026-01-07,0.3474099197726782,0.37260988781922993,0.27998019240809185
2026-01-08,0.3486726332590448,0.3751992914119975,0.27612807532895767
2026-01-09,0.3493577267726609,0.3729884501968985,0.2776538230304405
2026-01-10,0.3478869159973877,0.3739567389286088,0.2781563450740035
2026-01-11,0.34967364718932514,0.37296223775770854,0.2773641150529663
2026-01-12,0.35002567334305795,0.3732215105920568,0.2767528160648852
2026-01-13,0.3457961599992685,0.36860034908000255,0.28560349092072895
2026-01-14,0.34270257016998495,0.36469166851284945,0.2926057613171656
2026-01-15,0.35004218094003214,0.372092969638744,0.27786484942122386
2026-01-16,0.35113814799762966,0.3743061995877576,0.2745556524146128
2026-01-17,0.353490416536467,0.3770396457724203,0.2694699376911128
2026-01-18,0.3536216979726697,0.3768083905158248,0.26956991151150556
2026-01-19,0.35349341476617036,0.37683721651470486,0.2696693687191249
2026-01-20,0.35433387933544486,0.37874643616045467,0.2669196845041005
2026-01-21,0.35504089743590045,0.37907827592465604,0.26588082663944346
2026-01-22,0.3546385904869812,0.3795506227064434,0.2658107868065754
2026-01-23,0.35512632623523316,0.3816082298109118,0.26326544395385504
2026-01-24,0.35726713854542713,0.3820602057667632,0.2606726556878096
2026-01-25,0.3617023938922276,0.3869287398556235,0.251368866252149
2026-01-26,0.3582345954277274,0.3829962616237509,0.2587691429485217
2026-01-27,0.3608110340634701,0.3801209404634158,0.259068025473114
2026-01-28,0.36107727323374084,0.37895093458943835,0.25997179217682087
2026-01-29,0.3632376163732548,0.3790332097320957,0.25772917389464933
2026-01-30,0.3634111963463336,0.37964745609397715,0.2569413475596893
2026-01-31,0.363659978527008,0.3805739706249345,0.2557660508480576
2026-02-01,0.3616538066471214,0.37935018154536276,0.25899601180751586
2026-02-02,0.36215707082591,0.3794166249940797,0.25842630418001017
2026-02-03,0.36274942459466514,0.37814329611576003,0.25910727928957494
2026-02-04,0.36303826055586597,0.37950983642250646,0.25745190302162757
2026-02-05,0.3638483423551679,0.37936035603639223,0.25679130160843977
2026-02-06,0.36217454674150296,0.3791888914135452,0.25863656184495176
2026-02-07,0.36158225080683765,0.3792796206541924,0.25913812853897
2026-02-08,0.3609210083336203,0.3771545199249346,0.2619244717414451
2026-02-09,0.362749859787034,0.37489605893867717,0.2623540812742889
2026-02-10,0.35933793995918023,0.37653211778700396,0.26412994225381575
2026-02-11,0.35843087010375296,0.3762224065944688,0.2653467233017783
2026-02-12,0.3585009037039446,0.3764749824729905,0.26502411382306496
2026-02-13,0.3581139216666418,0.3758141137967803,0.2660719645365779
2026-02-14,0.3567275306312328,0.37670731999851587,0.26656514937025133
2026-02-15,0.35686266868140404,0.37617834815271295,0.26695898316588307
2026-02-16,0.3570315751411123,0.3761949567199415,0.2667734681389462
2026-02-17,0.35730938609252927,0.37700115037750137,0.2656894635299694
2026-02-18,0.3567240159528585,0.3766204991176304,0.266655484929511
2026-02-19,0.35624298946151695,0.3772419327100553,0.2665150778284278
2026-02-20,0.35549418975311353,0.3774618808840713,0.2670439293628152
2026-02-21,0.3557366580832814,0.3783415198465485,0.2659218220701702
2026-02-22,0.35427700858178157,0.3793603920202872,0.2663625993979312
2026-02-23,0.3529494670558556,0.3794256844270299,0.26762484851711443
2026-02-24,0.3528658771797931,0.37884054008908896,0.26829358273111786
2026-02-25,0.3530031411851562,0.3782391915653034,0.26875766724954037
2026-02-26,0.35263524935819834,0.3778114601761659,0.26955329046563575
2026-02-27,0.35390470141913966,0.3799408056702671,0.2661544929105933
2026-02-28,0.35435377828666703,0.3802928808397131,0.2653533408736199
2026-03-01,0.3541553439109457,0.38129660940261617,0.2645480466864382
2026-03-02,0.35550582184347485,0.37925099464770107,0.26524318350882414
2026-03-03,0.35580318974939673,0.3793750721925174,0.2648217380580859
2026-03-04,0.35449453052711577,0.37704306494631323,0.26846240452657105
2026-03-05,0.3547658053613609,0.374281400628521,0.27095279401011807
2026-03-06,0.3547534253570173,0.37472599831501324,0.27052057632796933
2026-03-07,0.3540384356143134,0.3723449664236514,0.27361659796203525
2026-03-08,0.35425366417151805,0.3714773378804611,0.2742689979480208
2026-03-09,0.35342538671329804,0.3688902665297392,0.2776843467569628
2026-03-10,0.3527773406845012,0.3683929956236009,0.27882966369189793
2026-03-11,0.35366676943565734,0.3663408414981285,0.2799923890662141
2026-03-12,0.3524842409246301,0.3666528378362462,0.28086292123912376
2026-03-13,0.3531328239979551,0.36720480132593386,0.27966237467611105
2026-03-14,0.3581530738386967,0.37025659795406424,0.2715903282072391
2026-03-15,0.36345281038797583,0.37219206479846,0.26435512481356416
2026-03-16,0.3545376657983261,0.36359964966017,0.2818626845415039
2026-03-17,0.35348426190243976,0.3611365000966999,0.2853792380008603
2026-03-18,0.3499550553110297,0.35783555959671964,0.2922093850922506
2026-03-19,0.35164858107726166,0.35864772735656136,0.289703691566177
2026-03-20,0.352299555631066,0.3572306518417488,0.2904697925271853
2026-03-21,0.3505281185553069,0.3547695226418798,0.29470235880281326
2026-03-22,0.3523176383893103,0.3531539134310679,0.2945284481796217
2026-03-23,0.3528539914279916,0.352291716857922,0.29485429171408634
2026-03-24,0.3514891266220388,0.34808951823113804,0.3004213551468231
2026-03-25,0.35384131513778033,0.3487156189923329,0.2974430658698866
2026-03-26,0.3544524487771707,0.34683866432193594,0.29870888690089337
2026-03-27,0.35437441401538444,0.34859936844347583,0.2970262175411397
2026-03-28,0.3529063438304732,0.3502207647059776,0.29687289146354934
2026-03-29,0.351895907882057,0.34925982702712505,0.2988442650908179
2026-03-30,0.3496119592811519,0.34934670228699544,0.3010413384318526
2026-03-31,0.3478813024037254,0.3488360405006235,0.30328265709565094
2026-04-01,0.3472093317611272,0.34950895584053937,0.3032817123983334
2026-04-02,0.3471086974346725,0.3500123493612277,0.30287895320409974
2026-04-03,0.3482769516459344,0.3520157531738742,0.2997072951801913
2026-04-04,0.34757128959163464,0.35256050030724984,0.2998682101011155
2026-04-05,0.34852843215853513,0.35227550421735015,0.29919606362411477
2026-04-06,0.34806614555689186,0.35387178244570494,0.29806207199740314
2026-04-07,0.35233078353037417,0.34610819706323664,0.3015610194063892
2026-04-08,0.35342919654452026,0.3460615416638437,0.30050926179163595
2026-04-09,0.3552819410863545,0.3490323250775554,0.29568573383609015
2026-04-10,0.3558365325923928,0.35147867450231735,0.29268479290529
2026-04-11,0.3590837214251961,0.3524158009233459,0.28850047765145803
2026-04-12,0.36139632667358107,0.35323839477923463,0.2853652785471844
2026-04-13,0.36165926649584984,0.3536948673741027,0.2846458661300475
2026-04-14,0.36030080296247363,0.35385750510951625,0.28584169192801007
2026-04-15,0.3596127592790362,0.3530586372303745,0.28732860349058925
2026-04-16,0.35929776156911314,0.3539390177140448,0.2867632207168421
2026-04-17,0.35880682676857084,0.3544579083772863,0.2867352648541428
2026-04-18,0.36143733427273866,0.35443007203318727,0.2841325936940741
2026-04-19,0.3623222942044247,0.35451342390015933,0.28316428189541604
2026-04-20,0.362144632551239,0.3556825624205062,0.2821728050282548
2026-04-21,0.36167642872612404,0.35707965378201567,0.2812439174918604
2026-04-22,0.36207793077106126,0.35862502355602344,0.27929704567291525
2026-04-23,0.3629251743351666,0.35855627895591696,0.27851854670891646
2026-04-24,0.36391250355858223,0.3578340272089789,0.27825346923243877
2026-04-25,0.3655876738848087,0.3576575148477132,0.2767548112674782
2026-04-26,0.3644892254633141,0.36229969637764914,0.2732110781590367
2026-04-27,0.359617230980958,0.3662944875852913,0.2740882814337508
2026-04-28,0.3594008705504532,0.3639943976170169,0.2766047318325299
2026-04-29,0.3598804857633894,0.3626882722530266,0.2774312419835839
2026-04-30,0.3602534732235877,0.36042774052280163,0.2793187862536107
2026-05-01,0.3580908288619378,0.3622055248600206,0.27970364627804156
2026-05-02,0.35131300770578633,0.3701935206950834,0.2784934715991303
2026-05-03,0.3510915290200337,0.368387930627845,0.28052054035212143
2026-05-04,0.35178766048289095,0.3696569253635317,0.2785554141535773
2026-05-05,0.35206495450163383,0.36944025868831926,0.27849478681004686
2026-05-06,0.3512188524803077,0.37002538968784227,0.27875575783185014
2026-05-07,0.3498302410362799,0.37019585033073765,0.2799739086329825
2026-05-08,0.3497039283043371,0.36972751217335403,0.2805685595223088
2026-05-09,0.3492263253919846,0.3730953734946405,0.2776783011133748
2026-05-10,0.3482766415207404,0.3738128028298536,0.277910555649406
2026-05-11,0.3499288440196943,0.3736299936601891,0.2764411623201165
2026-05-12,0.3475511000101302,0.37206830099196025,0.2803805989979095
2026-05-13,0.346536166785007,0.3730405208369462,0.28042331237804685
2026-05-14,0.3449308709449342,0.37448491196022216,0.28058421709484366
2026-05-15,0.3455203936189764,0.37511622910209097,0.2793633772789327
2026-05-16,0.3455848309678986,0.37525258560354485,0.2791625834285566
2026-05-17,0.3451523196546835,0.37559901913614696,0.27924866120916947
2026-05-18,0.34434358954894945,0.37490134875580733,0.2807550616952431
2026-05-19,0.34370417203979464,0.3761369046720618,0.2801589232881436
2026-05-20,0.3425483595432898,0.376527942695382,0.28092369776132825
2026-05-21,0.34130258516088197,0.37657096180117205,0.2821264530379459
2026-05-22,0.3413036656279533,0.3768186170281038,0.2818777173439429
2026-05-23,0.34131374732045466,0.37785921430966046,0.28082703836988504
2026-05-24,0.3398796780110065,0.37685478172802833,0.28326554026096523
2026-05-25,0.3401625629993535,0.3787720227129225,0.2810654142877241
2026-05-26,0.33977402875498897,0.37589232084261986,0.2843336504023913
2026-05-27,0.3398381605339134,0.3746399390824614,0.2855219003836252
2026-05-28,0.34095407174382203,0.3724453511741265,0.28660057708205133
2026-05-29,0.34062959174259017,0.37107074851563004,0.28829965974177973
2026-05-30,0.34204990173329947,0.3715733551562085,0.28637674311049216
2026-05-31,0.34223280849679016,0.3717132436164628,0.286053947886747
2026-06-01,0.34301993229575667,0.37037794138999885,0.2866021263142445
2026-06-02,0.3429287749027532,0.37193325493442636,0.2851379701628204
2026-06-03,0.34386964076653087,0.3724366725767217,0.2836936866567475
2026-06-04,0.34199664859785195,0.3714654979927159,0.2865378534094321
2026-06-05,0.34233072095117023,0.37269421173029704,0.2849750673185328
2026-06-06,0.3405678974344397,0.38343983779874685,0.27599226476681354
2026-06-07,0.34024043007124843,0.3846746347640608,0.27508493516469085
2026-06-08,0.34019615522064706,0.38167257773240004,0.278131267046953
2026-06-09,0.3392171663940114,0.3814233697284332,0.27935946387755545
2026-06-10,0.3395136511658329,0.37877802987581444,0.28170831895835263
2026-06-11,0.33838855602851003,0.3786699943378397,0.28294144963365025
2026-06-12,0.338695322746073,0.37855818539521907,0.2827464918587079
2026-06-13,0.3399901512851345,0.3787207900638637,0.2812890586510016
2026-06-14,0.339888174165355,0.3777369168331998,0.28237490900144524
2026-06-15,0.33661854348029807,0.37520169241951407,0.28817976410018786
2026-06-16,0.33733957312338,0.3735348229617779,0.28912560391484204
2026-06-17,0.33618375803237394,0.37225936346020744,0.2915568785074186
2026-06-18,0.3350287409964267,0.3722043844304494,0.29276687457312384
2026-06-19,0.33456821262096653,0.3717361553299391,0.29369563204909427
2026-06-20,0.3357071062801016,0.37056989828139053,0.29372299543850783
2026-06-21,0.33465972380921033,0.36880259204844684,0.2965376841423428
2026-06-22,0.33512803820014736,0.3681353272902863,0.29673663450956633
2026-06-23,0.33591780396118576,0.36959456576345223,0.294487630275362
2026-06-24,0.3343922525656326,0.3693049217458217,0.29630282568854566
2026-06-25,0.3295469229648403,0.3633327094859601,0.30712036754919975
2026-06-26,0.33324740090717614,0.3613427697631354,0.3054098293296886
2026-06-27,0.3309081014462545,0.36197763276748834,0.3071142657862572
2026-06-28,0.33040653452068774,0.3628976182157527,0.30669584726355953
2026-06-29,0.3303639604994318,0.36411681820153724,0.30551922129903103
2026-06-30,0.3288677691401427,0.3636322738845478,0.3074999569753096
2026-07-01,0.3322252302073086,0.35251889210963544,0.31525587768305596
2026-07-02,0.3328183391440107,0.35624290811864184,0.31093875273734745
2026-07-03,0.33275152429788635,0.357192652553018,0.3100558231490956
2026-07-04,0.3332327513119044,0.35705085270731673,0.3097163959807789
2026-07-05,0.3348547530670176,0.3550707865856988,0.3100744603472836
2026-07-06,0.3360355335692799,0.3553662283186125,0.3085982381121075
2026-07-07,0.3367431092701371,0.35610007360201357,0.3071568171278493
2026-07-08,0.33749276696175373,0.3559091454428406,0.30659808759540563
2026-07-09,0.3393816224512677,0.3560181535854532,0.3046002239632791
2026-07-10,0.3385199145663356,0.35372418373352504,0.3077559017001394
2026-07-11,0.3404521959866275,0.35278497166285594,0.3067628323505166
2026-07-12,0.3409997958965195,0.3517070552364404,0.30729314886703996
2026-07-13,0.3423345050005419,0.3511418134660348,0.30652368153342335
2026-07-14,0.3411293374842972,0.3499858910138942,0.30888477150180865
2026-07-15,0.34047970638067,0.3492750267515242,0.3102452668678058
2026-07-16,0.34054615253300347,0.3482876596041188,0.3111661878628778
2026-07-17,0.3387768458191811,0.34664786175068807,0.3145752924301309
2026-07-18,0.338748975888078,0.34640012177779417,0.314850902334128
2026-07-19,0.3403490496743568,0.3450966941689588,0.3145542561566844
2026-07-20,0.340926277541338,0.34489543055121735,0.3141782919074447
2026-07-21,0.34086450656200706,0.34486288542221005,0.3142726080157829
2026-07-22,0.34029547742886274,0.3448563779374354,0.3148481446337018
2026-07-23,0.3396226464064446,0.3452244079261745,0.31515294566738106
2026-07-24,0.33905034110363985,0.34482675520976097,0.3161229036865992
