,lgbm,lear,chronos,tft
2024-07-16,0.25,0.25,0.25,0.25
2024-07-17,0.25,0.25,0.25,0.25
2024-07-18,0.25,0.25,0.25,0.25
2024-07-19,0.25,0.25,0.25,0.25
2024-07-20,0.25,0.25,0.25,0.25
2024-07-21,0.25,0.25,0.25,0.25
2024-07-22,0.25,0.25,0.25,0.25
2024-07-23,0.25,0.25,0.25,0.25
2024-07-24,0.25,0.25,0.25,0.25
2024-07-25,0.25,0.25,0.25,0.25
2024-07-26,0.25,0.25,0.25,0.25
2024-07-27,0.25,0.25,0.25,0.25
2024-07-28,0.25,0.25,0.25,0.25
2024-07-29,0.25,0.25,0.25,0.25
2024-07-30,0.25,0.25,0.25,0.25
2024-07-31,0.25,0.25,0.25,0.25
2024-08-01,0.25,0.25,0.25,0.25
2024-08-02,0.25,0.25,0.25,0.25
2024-08-03,0.25,0.25,0.25,0.25
2024-08-04,0.25,0.25,0.25,0.25
2024-08-05,0.25,0.25,0.25,0.25
2024-08-06,0.25,0.25,0.25,0.25
2024-08-07,0.25,0.25,0.25,0.25
2024-08-08,0.25,0.25,0.25,0.25
2024-08-09,0.25,0.25,0.25,0.25
2024-08-10,0.25,0.25,0.25,0.25
2024-08-11,0.25,0.25,0.25,0.25
2024-08-12,0.25,0.25,0.25,0.25
2024-08-13,0.25,0.25,0.25,0.25
2024-08-14,0.25,0.25,0.25,0.25
2024-08-15,0.25,0.25,0.25,0.25
2024-08-16,0.25,0.25,0.25,0.25
2024-08-17,0.25,0.25,0.25,0.25
2024-08-18,0.25,0.25,0.25,0.25
2024-08-19,0.25,0.25,0.25,0.25
2024-08-20,0.25,0.25,0.25,0.25
2024-08-21,0.25,0.25,0.25,0.25
2024-08-22,0.25,0.25,0.25,0.25
2024-08-23,0.25,0.25,0.25,0.25
2024-08-24,0.25,0.25,0.25,0.25
2024-08-25,0.25,0.25,0.25,0.25
2024-08-26,0.25,0.25,0.25,0.25
2024-08-27,0.25,0.25,0.25,0.25
2024-08-28,0.25,0.25,0.25,0.25
2024-08-29,0.25,0.25,0.25,0.25
2024-08-30,0.25,0.25,0.25,0.25
2024-08-31,0.25,0.25,0.25,0.25
2024-09-01,0.25,0.25,0.25,0.25
2024-09-02,0.2588389061612572,0.2541057072953781,0.25603465593710606,0.2310207306062585
2024-09-03,0.2580236542615089,0.2541350176428819,0.25670234081928484,0.23113898727632426
2024-09-04,0.25692258913208843,0.2519074914826618,0.26061813870634826,0.2305517806789015
2024-09-05,0.2564517548864042,0.25147461701754453,0.2618529316972062,0.23022069639884507
2024-09-06,0.25697518926758744,0.2531556471458945,0.25821470747420794,0.23165445611231003
2024-09-07,0.256972336725693,0.2533542161613814,0.2579645066676047,0.23170894044532084
2024-09-08,0.25776377493949804,0.25380634615350595,0.258405958282419,0.23002392062457694
2024-09-09,0.2588002578306007,0.2554910355543567,0.26004037311152095,0.2256683335035217
2024-09-10,0.259319309907743,0.2559385253126257,0.2584980295767192,0.22624413520291212
2024-09-11,0.260110611762292,0.2556813929032123,0.25677820808830837,0.22742978724618723
2024-09-12,0.2599722265586861,0.2563780501870356,0.2564898306432462,0.2271598926110322
2024-09-13,0.26053852996134924,0.2566817200564468,0.2555850372918547,0.22719471269034924
2024-09-14,0.26088476112865017,0.25785038613523686,0.2522589039467409,0.22900594878937203
2024-09-15,0.2631342015169654,0.25992370570629814,0.25060835232101597,0.22633374045572058
2024-09-16,0.2659103218488217,0.2615179762195264,0.24761869989630153,0.2249530020353504
2024-09-17,0.26904162261097475,0.26133418817671394,0.24451159530597483,0.22511259390633642
2024-09-18,0.27005058504923213,0.2607286245333744,0.24326593800307234,0.225954852414321
2024-09-19,0.26978325309180273,0.26158675310757623,0.2425858067596897,0.22604418704093124
2024-09-20,0.2689974807994205,0.2634304851874372,0.2415707249832977,0.2260013090298445
2024-09-21,0.2688265055412677,0.26192071689722685,0.2432034376986472,0.22604933986285816
2024-09-22,0.26928395700612023,0.26107788310045993,0.243513302869295,0.22612485702412474
2024-09-23,0.26990557301158513,0.25989320588891146,0.24506131174147208,0.2251399093580314
2024-09-24,0.2702019400561174,0.2612312335246711,0.24547732757028176,0.22308949884892965
2024-09-25,0.27100774076713047,0.26122960735604916,0.24366832398144822,0.22409432789537218
2024-09-26,0.26990366968355184,0.260397791583141,0.24515906551939295,0.22453947321391404
2024-09-27,0.2700235845426023,0.2604752121823196,0.24659191988736684,0.22290928338771124
2024-09-28,0.26757442274424265,0.25939054631000297,0.24899104466505545,0.22404398628069908
2024-09-29,0.2677045035597251,0.2593025875980812,0.2465731356343589,0.2264197732078348
2024-09-30,0.2672051648139714,0.2601376624569086,0.2453600022326749,0.22729717049644518
2024-10-01,0.26804321763105265,0.26034410864565743,0.24380399865720312,0.22780867506608668
2024-10-02,0.2675271469662959,0.2596660028838557,0.2448614874953714,0.22794536265447687
2024-10-03,0.26651110538531153,0.2595727319703855,0.24482827727445144,0.22908788536985156
2024-10-04,0.26719520042807354,0.2590694353360222,0.24480247371703073,0.2289328905188736
2024-10-05,0.2682575960004151,0.2590181563355789,0.24377480800535947,0.22894943965864653
2024-10-06,0.2685561308249204,0.2592934826773676,0.24174843207788338,0.23040195441982847
2024-10-07,0.26822830290821087,0.25926195051231676,0.24123360074845712,0.23127614583101527
2024-10-08,0.26804455993119414,0.2589607385863267,0.24122405860221557,0.23177064288026358
2024-10-09,0.26937306943512285,0.25934216884194,0.23879826095931764,0.2324865007636195
2024-10-10,0.26995615894525865,0.2608924111214222,0.23878352245292842,0.23036790748039063
2024-10-11,0.2711137975264208,0.2622625624717444,0.2349934083363228,0.23163023166551192
2024-10-12,0.2708306029831132,0.2630245007966833,0.23376051690184155,0.23238437931836198
2024-10-13,0.27062432810274445,0.263851330946539,0.231796116247635,0.23372822470308147
2024-10-14,0.27169369791235554,0.2621688642595204,0.2292851473363166,0.23685229049180742
2024-10-15,0.2723182796782837,0.2612253215954843,0.2283314353450814,0.2381249633811506
2024-10-16,0.27296550264571584,0.2609426197570786,0.22800740933339148,0.23808446826381421
2024-10-17,0.272968954467504,0.26117503862484137,0.22690845927942235,0.23894754762823217
2024-10-18,0.2720522634253466,0.26068031855997037,0.22825794524526727,0.2390094727694157
2024-10-19,0.2724334812024472,0.2611823453018034,0.22841997315457754,0.23796420034117183
2024-10-20,0.2723745244976673,0.262094734540546,0.22858204852698,0.23694869243480673
2024-10-21,0.2720717871804256,0.26125927433839446,0.23059578107016962,0.23607315741101037
2024-10-22,0.2730393587903184,0.26063620748472044,0.2304645441080378,0.23585988961692333
2024-10-23,0.2735253664266138,0.26053694695601837,0.23168726053974142,0.23425042607762636
2024-10-24,0.27222796876507477,0.2614703524200437,0.2318825941625182,0.23441908465236347
2024-10-25,0.27277383629272406,0.2640705194599826,0.2322415905540835,0.23091405369320983
2024-10-26,0.2721727425246193,0.2632718357699396,0.23416068998057896,0.23039473172486202
2024-10-28,0.27127579958077935,0.26370948033612734,0.23167992928412476,0.2333347907989687
2024-10-29,0.270086906849218,0.2640014992676342,0.23179761239634528,0.2341139814868025
2024-10-30,0.2714163058927232,0.2632259208721261,0.23117558088017975,0.23418219235497093
2024-10-31,0.27273927174729934,0.2630864906990643,0.2307011326459342,0.23347310490770223
2024-11-01,0.27351389616446325,0.26561034931017796,0.2266880021398679,0.2341877523854908
2024-11-02,0.2750356630858887,0.26589464246182865,0.2254934803208538,0.2335762141314286
2024-11-03,0.277355113552829,0.26835844013036614,0.22246941672382928,0.2318170295929757
2024-11-04,0.2791853096548316,0.2691087854069805,0.22121665018710762,0.23048925475108029
2024-11-05,0.27914903792402135,0.2673954658576407,0.22340558324673795,0.23004991297160002
2024-11-06,0.28144274993145313,0.26567696774628136,0.2246755242828006,0.22820475803946497
2024-11-07,0.2801528662920772,0.2640084010665453,0.22834540334972317,0.22749332929165444
2024-11-08,0.27989706473588294,0.2631951419822834,0.22516923688629886,0.23173855639553473
2024-11-09,0.2802748933901335,0.2638508384226673,0.2235013348126694,0.23237293337452974
2024-11-10,0.2799208984050877,0.2642580792299429,0.2242154509867376,0.23160557137823182
2024-11-11,0.27989377020156175,0.2632340993247962,0.22453996365767426,0.23233216681596783
2024-11-12,0.2789497050369843,0.26355854461079053,0.2245361506391203,0.23295559971310484
2024-11-13,0.27722579131336783,0.2640607766667247,0.2253410844574474,0.23337234756246014
2024-11-14,0.2750121458937182,0.2619794769295526,0.22402194699195765,0.23898643018477148
2024-11-15,0.27488993369627457,0.26142816593478296,0.2203278090646944,0.243354091304248
2024-11-16,0.274939222927897,0.26130309821075715,0.21881252633753182,0.244945152523814
2024-11-17,0.27535357001724076,0.2622525016349481,0.2168930384125943,0.24550088993521688
2024-11-18,0.2756073456910448,0.26111631954517817,0.2183156829902008,0.2449606517735763
2024-11-19,0.2748055750980516,0.2612638509266328,0.2201507218984069,0.24377985207690872
2024-11-20,0.2744996604768751,0.2613584411872866,0.21977193448653323,0.244369963849305
2024-11-21,0.27318022436733735,0.2611602405150522,0.22035349281654418,0.24530604230106626
2024-11-22,0.271753761376744,0.2613508005504945,0.22165174993512385,0.24524368813763764
2024-11-23,0.2709547940588868,0.2607927467755189,0.22102554466572374,0.24722691449987053
2024-11-24,0.27121209858330214,0.26103286541971177,0.22062159243704857,0.24713344355993752
2024-11-25,0.27251020011970273,0.2605420700464974,0.21837188379876937,0.24857584603503052
2024-11-26,0.2732030727650465,0.2597260861233989,0.21963106291194218,0.2474397781996124
2024-11-27,0.27319534220517455,0.2584638356110554,0.22078112654790558,0.24755969563586452
2024-11-28,0.2746719061284696,0.2571118386087445,0.22197144677459038,0.24624480848819558
2024-11-29,0.27579281997996946,0.25669189675016335,0.21923303327158472,0.24828224999828252
2024-11-30,0.2752079181504025,0.25549985434844225,0.2198870029871573,0.24940522451399794
2024-12-01,0.27500676268085156,0.25444164670881353,0.22031164015944496,0.25023995045089004
2024-12-02,0.2753518192167988,0.25470038033548503,0.22043397215117877,0.2495138282965374
2024-12-03,0.27305085935051254,0.2561831843454064,0.22079431763578972,0.2499716386682912
2024-12-04,0.2729618109267971,0.25561255451150583,0.22123831365417138,0.25018732090752555
2024-12-05,0.27181267097152956,0.2547390073662245,0.22339525884051759,0.25005306282172823
2024-12-06,0.273545373104385,0.2527286491518747,0.2243298067659774,0.24939617097776284
2024-12-07,0.27316078830563517,0.2523083662149217,0.2240164425063628,0.2505144029730804
2024-12-08,0.2733076403774772,0.25129565938089526,0.2253519919728849,0.2500447082687427
2024-12-09,0.27348557543545193,0.25067485967384684,0.22519180007229894,0.25064776481840234
2024-12-10,0.27303598643919036,0.25046213702224535,0.22654189020908164,0.2499599863294828
2024-12-11,0.2733085651179514,0.24994502829688559,0.2263484041583114,0.2503980024268515
2024-12-12,0.2734886312156641,0.2499961881633151,0.22749026421033797,0.24902491641068278
2024-12-13,0.27508527404569494,0.25063036805981836,0.23019860315288207,0.24408575474160465
2024-12-14,0.27202035563425486,0.25118974092387203,0.2304685145522751,0.24632138888959806
2024-12-15,0.2723052042206303,0.2518048996654194,0.2286490373002194,0.24724085881373092
2024-12-16,0.27175690291082144,0.2504323216744637,0.23067730936758152,0.24713346604713346
2024-12-17,0.2720510409718398,0.2505891693017426,0.22908485946062615,0.2482749302657916
2024-12-18,0.2719051265985452,0.2503866416033021,0.22874760089520318,0.24896063090294948
2024-12-19,0.2723257024761233,0.24965019624430435,0.22715321123611018,0.25087089004346225
2024-12-20,0.271899941803908,0.25005123028190823,0.22647646596465348,0.2515723619495304
2024-12-21,0.2711025069240456,0.25044639450603895,0.22662972215727356,0.2518213764126419
2024-12-22,0.27050629363192535,0.25041464611036013,0.2252970085959915,0.25378205166172296
2024-12-23,0.2685842185077716,0.25202002474371593,0.22518226601882832,0.2542134907296841
2024-12-24,0.26739800405212516,0.25289561096294383,0.2246239737756157,0.25508241120931524
2024-12-25,0.2667727659556383,0.25453487907502537,0.2214983087215493,0.257194046247787
2024-12-26,0.2664078439867335,0.2553721946213131,0.2217024748619685,0.25651748652998485
2024-12-27,0.26686880075962116,0.2554849463110345,0.22212397211215215,0.2555222808171921
2024-12-28,0.26792439680048025,0.2560281706481321,0.2217182030837315,0.2543292294676562
2024-12-29,0.26718916605647614,0.25648005725759554,0.2214404083154667,0.25489036837046164
2024-12-30,0.26657176150769035,0.25692458910887583,0.2204647448308853,0.25603890455254863
2024-12-31,0.265827689973222,0.2558075597884581,0.22302784554043692,0.2553369046978829
2025-01-01,0.26608314861468774,0.25485386197552345,0.222920507139177,0.25614248227061176
2025-01-02,0.2638163745724953,0.2562635068251335,0.21694008612834667,0.26298003247402446
2025-01-03,0.2636265427271081,0.2547709884447285,0.21706228509842962,0.26454018372973376
2025-01-04,0.2634035970695285,0.25455086378475744,0.21659030251339942,0.2654552366323146
2025-01-05,0.2614207624368908,0.25329533092615536,0.21568043998090625,0.2696034666560478
2025-01-06,0.2603841837158544,0.2540162239234112,0.20965995481505698,0.2759396375456773
2025-01-07,0.2593430790814704,0.25304221015,0.21015431006178084,0.2774604007067488
2025-01-08,0.25927236917108304,0.25297591336860104,0.21243175705204548,0.27531996040827045
2025-01-09,0.25611552347106514,0.2528884667144823,0.21551848304144372,0.275477526773009
2025-01-10,0.2554787900456647,0.2530735956623377,0.21561980536558092,0.27582780892641656
2025-01-11,0.25490520595969823,0.25106588051588596,0.21780933055743754,0.2762195829669783
2025-01-12,0.25562927172782896,0.2491984051817151,0.21970947608699481,0.2754628470034611
2025-01-13,0.25568555582410013,0.2476618210072789,0.2222562681358823,0.2743963550327386
2025-01-14,0.25336364412912327,0.2469356452205864,0.22563861133013266,0.27406209932015774
2025-01-15,0.2517082735362504,0.24550347637378647,0.22819371324281887,0.27459453684714424
2025-01-16,0.2496861910189144,0.2470225377575088,0.22827507837147942,0.2750161928520973
2025-01-17,0.24918367142979553,0.2475352697617494,0.22607771383089179,0.2772033449775632
2025-01-18,0.2485425384781582,0.246151903602407,0.22576023858821215,0.2795453193312226
2025-01-19,0.2483436759761816,0.24510884695200702,0.22698852988398133,0.27955894718783014
2025-01-20,0.2491153224544756,0.24484103474085914,0.22609638000258928,0.279947262802076
2025-01-21,0.24963153662462814,0.2444154875579344,0.22517164269559367,0.2807813331218439
2025-01-22,0.2501677769224466,0.24416501419947698,0.22583509708321112,0.27983211179486545
2025-01-23,0.24865854759427686,0.2444782557553695,0.2284532439920691,0.27840995265828455
2025-01-24,0.24825799276461674,0.24544316201271274,0.23020269937781485,0.27609614584485564
2025-01-25,0.24761163211091547,0.24600022626409712,0.22976829207301508,0.2766198495519723
2025-01-26,0.24854147934147988,0.24683102335693483,0.22876196530989254,0.27586553199169267
2025-01-27,0.24761881134373237,0.2478433318317952,0.22726887693116288,0.2772689798933097
2025-01-28,0.2466154523170911,0.24809168726947364,0.22950543958293237,0.2757874208305029
2025-01-29,0.24655011668755386,0.2481907924380869,0.22942878957497526,0.275830301299384
2025-01-30,0.24613054846379365,0.24870572144275996,0.22867124158179267,0.27649248851165376
2025-01-31,0.2454264966666294,0.2472513702186298,0.22916216701772874,0.27815996609701193
2025-02-01,0.2473500195337699,0.2450619375250671,0.23049505104434181,0.2770929918968213
2025-02-02,0.2477040296437297,0.24440899348877432,0.23142669696369994,0.276460279903796
2025-02-03,0.24851766232093056,0.24423832173384183,0.2308814767381475,0.27636253920708004
2025-02-04,0.24671487127550137,0.24543640345357087,0.2300138263091334,0.27783489896179436
2025-02-05,0.24671021933394274,0.24530931594747932,0.2308935289694362,0.2770869357491416
2025-02-06,0.24607723742986512,0.24469750034354815,0.2322497650024231,0.27697549722416376
2025-02-07,0.2454479398092979,0.24410517210230837,0.2332675032995726,0.27717938478882115
2025-02-08,0.2450586030587319,0.2427043834604077,0.23498399383898155,0.2772530196418788
2025-02-09,0.24477390901422225,0.24245352765020212,0.23641903894132166,0.2763535243942539
2025-02-10,0.24372798612812363,0.24131721140725457,0.23668503505709304,0.2782697674075288
2025-02-11,0.24268329116693518,0.2415603492989568,0.23493192732352014,0.28082443221058795
2025-02-12,0.2439873748767545,0.24003894537139128,0.23388646916082648,0.28208721059102776
2025-02-13,0.2440224976024814,0.23892962276684301,0.23648533919932035,0.2805625404313553
2025-02-14,0.24439530057475448,0.24019495161878535,0.23509326671949593,0.28031648108696433
2025-02-15,0.2427385258525544,0.2386136437443127,0.23826665362324845,0.2803811767798844
2025-02-16,0.2431282887473554,0.23818489897340406,0.23751241165969397,0.2811744006195464
2025-02-17,0.24267714566639154,0.23696452223114878,0.23807140828737935,0.2822869238150803
2025-02-18,0.2426406302604497,0.23591436336177726,0.2393155887790867,0.2821294175986862
2025-02-19,0.24267682482412256,0.2361364824737079,0.2386935387549062,0.28249315394726326
2025-02-20,0.24230610873521294,0.23625740598153616,0.24059624769260138,0.28084023759064947
2025-02-21,0.24462232211093207,0.23674909518169426,0.23678028978507032,0.28184829292230335
2025-02-22,0.2448967060753983,0.23578859047181713,0.23724363011925217,0.2820710733335324
2025-02-23,0.24573050224689774,0.23591211335932386,0.2389573009998487,0.27940008339392963
2025-02-24,0.24597739131599974,0.23450758543045214,0.23745913770626176,0.2820558855472864
2025-02-25,0.2460262527475709,0.23479261246302902,0.23726598053182296,0.2819151542575771
2025-02-26,0.2452121711884733,0.2345110199871511,0.236541394912737,0.2837354139116385
2025-02-27,0.24434009394923104,0.2352217487586594,0.23647519502416506,0.2839629622679445
2025-02-28,0.2439177698347967,0.2348024636187725,0.2376287736097469,0.283650992936684
2025-03-01,0.24329137223966257,0.2353513008976571,0.23859576231786125,0.2827615645448191
2025-03-02,0.24222048743011979,0.23502750848190238,0.23864869974428257,0.28410330434369524
2025-03-03,0.2444291108677385,0.23393767638637927,0.2430725106267751,0.27856070211910716
2025-03-04,0.24348005567171735,0.23468342980820273,0.24247784255003352,0.27935867197004655
2025-03-05,0.24461166490954148,0.23519191500640726,0.24319410815158723,0.27700231193246394
2025-03-06,0.24478279506196168,0.2383369353927114,0.24280673657928417,0.2740735329660427
2025-03-07,0.24421938963427373,0.23862828847463516,0.24622615711076837,0.2709261647803228
2025-03-08,0.24520517668541733,0.238661586379983,0.24497692226331375,0.2711563146712859
2025-03-09,0.24489465943229682,0.2379005685235666,0.24576933384287827,0.27143543820125826
2025-03-10,0.24883614983880464,0.23808348862833845,0.24325895452236526,0.26982140701049173
2025-03-11,0.2502461113046792,0.23858384089930207,0.24189208856020022,0.26927795923581854
2025-03-12,0.25197584937061895,0.24006978748048916,0.23933155139183343,0.2686228117570585
2025-03-13,0.25245802914161297,0.24009212789449677,0.23993497799266794,0.26751486497122234
2025-03-14,0.2534872136757776,0.24195361987286615,0.2371303211778585,0.2674288452734978
2025-03-15,0.2555407788052532,0.24178765678424988,0.23667361412757953,0.26599795028291745
2025-03-16,0.25687255008659715,0.24326920104611083,0.23465050362452292,0.2652077452427691
2025-03-17,0.2595934153997744,0.24091334236450415,0.2336514930428419,0.2658417491928795
2025-03-18,0.2592188782509187,0.2406394255393577,0.23615568378013055,0.26398601242959296
2025-03-19,0.26188320041479207,0.2418540169735884,0.23396755866535324,0.2622952239462664
2025-03-20,0.2628665833704299,0.24294582414862467,0.233904254791766,0.26028333768917955
2025-03-21,0.26327814782248155,0.24341641508716183,0.234380219499574,0.2589252175907826
2025-03-22,0.26371234013032835,0.24381539551739503,0.23343835170221455,0.259033912650062
2025-03-23,0.2644658949858928,0.24465083085189,0.23034738934303092,0.26053588481918627
2025-03-24,0.2666784002114716,0.24353308441035063,0.22886624345241702,0.26092227192576084
2025-03-25,0.26547688069994574,0.24356770102419398,0.22793972421875575,0.2630156940571045
2025-03-26,0.2657224787713336,0.243508305868882,0.2269076164907038,0.26386159886908056
2025-03-27,0.26560624920665343,0.24433891663443338,0.22613652034183349,0.2639183138170796
2025-03-28,0.2652140529826912,0.24479778802621233,0.22669116956861995,0.26329698942247654
2025-03-29,0.26483833501148935,0.24472393169602918,0.22569829682635184,0.26473943646612963
2025-03-31,0.2657808703941627,0.2451549814685903,0.22621228151573908,0.26285186662150795
2025-04-01,0.2674119954222208,0.24748067638857285,0.2229929926021247,0.2621143355870817
2025-04-02,0.2674483194765472,0.2498532065433072,0.21951830774081532,0.26318016623933027
2025-04-03,0.26752244062767283,0.2514022493012818,0.21475337033504888,0.26632193973599655
2025-04-04,0.26842876570838786,0.25207175556314937,0.21236510810454848,0.2671343706239142
2025-04-05,0.2691043235555172,0.25282928599850857,0.2109757539731335,0.26709063647284065
2025-04-06,0.26970351029481554,0.2545954408544254,0.20971714525123655,0.26598390359952245
2025-04-07,0.2689879427751271,0.25602200273810716,0.20950715881393733,0.2654828956728284
2025-04-08,0.27017357202815606,0.25724486317395173,0.2068880069452213,0.265693557852671
2025-04-09,0.2705078718072452,0.2573337970023195,0.20608170830213965,0.26607662288829564
2025-04-10,0.27156234323281436,0.258168706822496,0.20451954183011475,0.26574940811457487
2025-04-11,0.2715309870688371,0.2593431719347074,0.204119411870194,0.26500642912626166
2025-04-12,0.2720910179921739,0.25998156316528204,0.20226170244056418,0.2656657164019799
2025-04-13,0.27010126627245357,0.25993086425645007,0.20133671131255307,0.2686311581585432
2025-04-14,0.2699903100487426,0.2613063317541303,0.20059946730842898,0.2681038908886981
2025-04-15,0.27076787668979474,0.26195967533177145,0.20015941513332194,0.2671130328451118
2025-04-16,0.27348027692462085,0.26355177426066145,0.19772298694037652,0.26524496187434127
2025-04-17,0.27332989805373076,0.26362270139321714,0.19846818337559138,0.26457921717746075
2025-04-18,0.27304736061991297,0.26508518583727725,0.19902955502274453,0.26283789852006517
2025-04-19,0.273728537488022,0.26697040991382853,0.19807540503423068,0.2612256475639189
2025-04-20,0.27529099776440746,0.2675981368190338,0.19870026115018216,0.2584106042663765
2025-04-21,0.2758987982550438,0.26913928632807466,0.19802378654109512,0.25693812887578643
2025-04-22,0.276131483209998,0.26776983040935,0.20054444602987828,0.2555542403507738
2025-04-23,0.2751513854539864,0.2701120343116797,0.19855892310431142,0.25617765713002244
2025-04-24,0.2740572188136183,0.27013692233282666,0.1991951746526232,0.2566106842009318
2025-04-25,0.27441410651454184,0.2718156519053235,0.2000305567914044,0.25373968478873027
2025-04-26,0.27426636258680276,0.27227125056730683,0.1993643855299857,0.2540980013159048
2025-04-27,0.2756044516322405,0.2735357665213778,0.1975599143764925,0.2532998674698892
2025-04-28,0.27533489417685614,0.27417211369119626,0.19723580830690576,0.2532571838250419
2025-04-29,0.2744206715092532,0.2752021003176383,0.19724139878904307,0.2531358293840653
2025-04-30,0.2757571610862913,0.2754634295941127,0.19687406251065517,0.25190534680894083
2025-05-01,0.2763161370638,0.2767320305979137,0.19698878688774193,0.2499630454505444
2025-05-02,0.2725605306979912,0.27768866922674135,0.1975769349657706,0.25217386510949696
2025-05-03,0.2737958839149108,0.277721969623499,0.1977071203615329,0.2507750261000573
2025-05-04,0.27469371516125446,0.2780579071310435,0.19859554113303965,0.24865283657466242
2025-05-05,0.27629480421283664,0.27685895231951313,0.19795254214470037,0.24889370132294997
2025-05-06,0.27725025833292294,0.2765888085396015,0.19512680971312762,0.251034123414348
2025-05-07,0.2768956688871928,0.27758117076280503,0.19612103782196139,0.24940212252804078
2025-05-08,0.2772856806250096,0.2788529848053085,0.19630104690008532,0.24756028766959665
2025-05-09,0.27655322062299387,0.27977643882913544,0.1971266028738262,0.24654373767404447
2025-05-10,0.2766450037118671,0.2797503925525604,0.19787971499453072,0.24572488874104184
2025-05-11,0.2767407952304339,0.2817547520952309,0.19815453410248504,0.2433499185718502
2025-05-12,0.2761912758023076,0.28118491631643716,0.19721119503411938,0.2454126128471358
2025-05-13,0.27579769652681685,0.28073865905410506,0.19776202375341895,0.24570162066565918
2025-05-14,0.27639615102374565,0.28084682328080823,0.1978206182521329,0.2449364074433132
2025-05-15,0.2762783046008081,0.28093348153506503,0.19821150878166058,0.24457670508246634
2025-05-16,0.27594381722834366,0.2824758021301437,0.20057930852073805,0.2410010721207748
2025-05-17,0.27478705583426954,0.2837439047490134,0.20058283397216173,0.24088620544455527
2025-05-18,0.2741007967552052,0.28554369265579677,0.2019492246668793,0.23840628592211863
2025-05-19,0.2737443770668865,0.2883691192487032,0.2010125126710369,0.23687399101337353
2025-05-20,0.2737510333733919,0.28954377842710416,0.20002886533271622,0.2366763228667878
2025-05-21,0.2730158672602138,0.2907331013166139,0.199360750828934,0.23689028059423833
2025-05-22,0.27187599161356074,0.2901921703348801,0.2018673304465598,0.23606450760499947
2025-05-23,0.2709270619884272,0.2917804648006165,0.2007345918506583,0.23655788136029812
2025-05-24,0.2708315254134595,0.2902526012690579,0.20275849303723936,0.23615738028024333
2025-05-25,0.2706984933521984,0.28920019934416663,0.20428890855883175,0.23581239874480314
2025-05-26,0.2716691945542675,0.2889553641545167,0.20401492960603826,0.23536051168517758
2025-05-27,0.2724348856079697,0.28930296463833916,0.20276094367503814,0.23550120607865302
2025-05-28,0.27254707860212174,0.28933480132821,0.20380147797217987,0.23431664209748826
2025-05-29,0.2748912919904787,0.2819654357264618,0.20463675763841566,0.2385065146446439
2025-05-30,0.2779047074106611,0.2743850931763756,0.20630141833886517,0.24140878107409813
2025-05-31,0.2805522256024596,0.266127796389304,0.20996394901180643,0.24335602899643005
2025-06-01,0.28284378836017865,0.25961196105539347,0.2117987191319934,0.24574553145243452
2025-06-02,0.2854114602752008,0.25121493180361915,0.2172948616809689,0.246078746240211
2025-06-03,0.284657115173857,0.246994114258573,0.2204066769503303,0.2479420936172396
2025-06-04,0.28408786898446126,0.24750935387221623,0.22106399838936597,0.2473387787539565
2025-06-05,0.2840721047391712,0.24651468160702464,0.22150973201467197,0.2479034816391323
2025-06-06,0.2848045058797174,0.24629748263284307,0.2210924689209666,0.24780554256647297
2025-06-07,0.2847412955355552,0.24652451606805806,0.221671867064595,0.2470623213317917
2025-06-08,0.2845134888705833,0.24728319681228023,0.22290875502819765,0.24529455928893873
2025-06-09,0.282977596588485,0.24510676997388609,0.22517075370124315,0.24674487973638576
2025-06-10,0.2825048564260164,0.24593657429187973,0.22280252220896446,0.24875604707313947
2025-06-11,0.28277671096420004,0.24595853376426324,0.22524401080527987,0.24602074446625688
2025-06-12,0.2840463712658631,0.2468697295723951,0.22704768086476435,0.24203621829697736
2025-06-13,0.28414538845475945,0.24620031592765076,0.2272877732459303,0.24236652237165945
2025-06-14,0.28347275860464727,0.24518722603111437,0.22896567119993425,0.2423743441643042
2025-06-15,0.28321732014709056,0.24458145641164142,0.22923923917807248,0.24296198426319568
2025-06-16,0.28372647569767595,0.2437042146222535,0.23017800977153333,0.24239129990853728
2025-06-17,0.28434257881030783,0.24413663450895098,0.2294448475688629,0.24207593911187825
2025-06-18,0.2847622352648173,0.24357102559241467,0.23043833010340162,0.2412284090393664
2025-06-19,0.2840982595728218,0.24351461625468412,0.23101674097497243,0.2413703831975218
2025-06-20,0.2842920450213014,0.24436557067512474,0.22728301616758081,0.24405936813599285
2025-06-21,0.2858551324278618,0.24359553886876345,0.22820613665485792,0.24234319204851681
2025-06-22,0.28780861818989667,0.24156262948520618,0.2309836405239626,0.23964511180093448
2025-06-23,0.28704489519142307,0.24116133435531664,0.2314480866280565,0.24034568382520374
2025-06-24,0.2869176108651583,0.24103247438010406,0.23074389275250018,0.24130602200223736
2025-06-25,0.287470524215834,0.24112387518227546,0.23110193506898305,0.24030366553290752
2025-06-26,0.2864878135298564,0.24071347212869484,0.23461049575320478,0.238188218588244
2025-06-27,0.28680302337230723,0.2410646387907331,0.23259475984934747,0.2395375779876122
2025-06-28,0.28812139738928605,0.24208994870236628,0.23297314527086685,0.2368155086374807
2025-06-29,0.28850187035705294,0.24228560281111358,0.23348390264824612,0.23572862418358725
2025-06-30,0.2898522444739292,0.24235034456501273,0.23445015835864458,0.23334725260241346
2025-07-01,0.29118680340198133,0.2420092446907755,0.2366482547161961,0.2301556971910471
2025-07-02,0.2890445073595946,0.24178634627431997,0.23698609139386898,0.2321830549722165
2025-07-03,0.28819557953585145,0.24138645947537465,0.23737288496950912,0.23304507601926494
2025-07-04,0.28827593934734613,0.2428048889182014,0.23924657155881462,0.22967260017563787
2025-07-05,0.2884700400589604,0.2425512649141224,0.24133881202431764,0.2276398830025994
2025-07-06,0.28899159566078864,0.24254007131918937,0.24221087630122567,0.22625745671879632
2025-07-07,0.2887405310022767,0.24240611758880382,0.2425724291104375,0.22628092229848207
2025-07-08,0.28960605107570414,0.24338169335724577,0.2390457990606931,0.22796645650635713
2025-07-09,0.28855127282231197,0.2439366887642935,0.23846659046072224,0.22904544795267223
2025-07-10,0.2878115906161022,0.24272621607737743,0.23871463183724698,0.23074756146927344
2025-07-11,0.2885117603471032,0.24343668039096697,0.23950035860846006,0.2285512006534699
2025-07-12,0.2887555808771819,0.24384945813223152,0.23900984133126324,0.22838511965932337
2025-07-13,0.288662847049569,0.2436860716704804,0.23966660385169106,0.22798447742825967
2025-07-14,0.290056256501645,0.2442573228202938,0.2366947035885656,0.22899171708949567
2025-07-15,0.290341798429563,0.24408232730902252,0.23520540156035527,0.2303704727010592
2025-07-16,0.2918720248294542,0.2436284246107956,0.23414085641708582,0.23035869414266427
2025-07-17,0.2924228618930147,0.24252629401371947,0.23363503088432752,0.23141581320893817
2025-07-18,0.29289216217521075,0.24110900522348294,0.23336859090690656,0.23263024169439972
2025-07-19,0.2926619148575334,0.2406414872769922,0.23403333486115097,0.2326632630043235
2025-07-20,0.29363566038930144,0.23986967724889902,0.23418424884919936,0.23231041351260018
2025-07-21,0.29438918470458314,0.23983927312550862,0.23423213175770616,0.23153941041220202
2025-07-22,0.2940476291688491,0.23839160306627408,0.2368408164621114,0.2307199513027656
2025-07-23,0.2954622253805085,0.2384761191228908,0.23631641151494118,0.22974524398165963
2025-07-24,0.29563418946195646,0.2388293136191601,0.23591959993692632,0.22961689698195714
2025-07-25,0.29529985512491846,0.23834381481138106,0.23737546404895107,0.2289808660147495
2025-07-26,0.2950895719347037,0.23771868464986787,0.23842469233232655,0.228767051083102
2025-07-27,0.29502910716323494,0.23799525888874182,0.23901199249392252,0.22796364145410078
2025-07-28,0.2926255812088486,0.24362787690296403,0.237628273130837,0.22611826875735044
2025-07-29,0.29051189988551707,0.24919655627629475,0.23635795393643885,0.22393358990174922
2025-07-30,0.28877787865127696,0.2556265520734477,0.23429906393416328,0.22129650534111203
2025-07-31,0.28627483292944755,0.26135737158725236,0.23411206758243375,0.21825572790086636
2025-08-01,0.28308784096996975,0.27003451925299493,0.2318841295159089,0.21499351026112629
2025-08-02,0.2822389777534483,0.27552150986056206,0.23092816459347468,0.21131134779251504
2025-08-03,0.28282770448042854,0.2747714477969878,0.23079118197033707,0.21160966575224663
2025-08-04,0.2824387922514525,0.27447698956574057,0.23081161681445037,0.21227260136835657
2025-08-05,0.2824731301754618,0.27459620349981656,0.23088850622127524,0.21204216010344631
2025-08-06,0.28191500231400474,0.2738047890975495,0.23240675783729617,0.2118734507511497
2025-08-07,0.28322412097374905,0.27445749275619763,0.22898230477857884,0.2133360814914745
2025-08-08,0.28384124642285863,0.2769380093117933,0.22772409829960508,0.21149664596574289
2025-08-09,0.2841616357509763,0.2763580086752088,0.22955120390488118,0.20992915166893364
2025-08-10,0.28499531403490874,0.2750346919486693,0.22928112056052233,0.21068887345589962
2025-08-11,0.28552650478916425,0.2747397072923676,0.22704670860255927,0.21268707931590894
2025-08-12,0.28554636998044935,0.275333579298717,0.22637125862345667,0.21274879209737704
2025-08-13,0.2853405518209689,0.2757606038086912,0.22622506743691814,0.21267377693342165
2025-08-14,0.28560579446893203,0.2758941948864658,0.22604337271128347,0.2124566379333186
2025-08-15,0.2860029357350616,0.27616601362687054,0.22509143350427022,0.21273961713379766
2025-08-16,0.2860153988576262,0.2755630378419514,0.2236651110494258,0.21475645225099665
2025-08-17,0.2853219258449226,0.2745018070265847,0.22325882698627383,0.21691744014221884
2025-08-18,0.28526012115156063,0.27316520234067576,0.22251611710178867,0.21905855940597496
2025-08-19,0.2828202914389827,0.27256559941070746,0.22681828148442698,0.2177958276658829
2025-08-20,0.28045686274699916,0.27344923664433457,0.22639194704150956,0.2197019535671567
2025-08-21,0.2790693117312601,0.2742865163032193,0.22473856463842196,0.22190560732709874
2025-08-22,0.2798230063276992,0.2739075896063191,0.2247339424137972,0.22153546165218466
2025-08-23,0.2802819738405535,0.27356414377656196,0.22389303838536379,0.2222608439975207
2025-08-24,0.2789988839072699,0.2728808523798891,0.22384616517339892,0.2242740985394421
2025-08-25,0.2791929391193003,0.27336742101920114,0.22125399238429425,0.2261856474772044
2025-08-26,0.2800730060417845,0.2715961952556902,0.22401431549148237,0.2243164832110431
2025-08-27,0.2792161365671557,0.2699479592592612,0.22278920866445573,0.22804669550912737
2025-08-28,0.27789646242010846,0.2689556279181055,0.22258140303907745,0.2305665066227085
2025-08-29,0.27519407807180607,0.2690316600354807,0.22115242581101108,0.23462183608170203
2025-08-30,0.2766817248736533,0.26776299103555296,0.21773793237273206,0.23781735171806176
2025-08-31,0.2774084645656069,0.2701543064054687,0.21563884144896178,0.23679838757996263
2025-09-01,0.27543274164276293,0.27131168370755626,0.214469228552265,0.23878634609741586
2025-09-02,0.2729312622616421,0.2692398155837796,0.21218038606904494,0.24564853608553333
2025-09-03,0.2723521828913143,0.2685361812375551,0.21130122966723577,0.2478104062038948
2025-09-04,0.27104610451793043,0.2670160496073836,0.21088818442589083,0.2510496614487952
2025-09-05,0.2721666812999458,0.26680193285220594,0.20910769603044196,0.2519236898174062
2025-09-06,0.2705755679165708,0.2653950603995481,0.2107547615571507,0.25327461012673047
2025-09-07,0.27215945722528784,0.26457232833315525,0.2105498923543681,0.25271832208718886
2025-09-08,0.2721425515791137,0.2643506079290049,0.21072970068482771,0.25277713980705374
2025-09-09,0.27313905100219776,0.26205476392311516,0.21277151599076613,0.2520346690839211
2025-09-10,0.27192563959701,0.26015261216848684,0.2160018237660179,0.25191992446848527
2025-09-11,0.27045433051534157,0.2596011003897731,0.2159776799778663,0.2539668891170191
2025-09-12,0.2685969065870429,0.25829470656049414,0.21962792145181353,0.25348046540064956
2025-09-13,0.2686506897408447,0.25798322029411774,0.2201910367533078,0.25317505321172984
2025-09-14,0.26897383883653914,0.25812454334882,0.21971266586317229,0.25318895195146857
2025-09-15,0.2689647314655061,0.25858915971712687,0.21670847638831814,0.2557376324290488
2025-09-16,0.26925041911455116,0.2581516971725374,0.21646672124682767,0.2561311624660837
2025-09-17,0.2701399851778411,0.25972760959568025,0.21181672100140203,0.25831568422507656
2025-09-18,0.2706604082751142,0.25912534422556205,0.21340227204400009,0.25681197545532364
2025-09-19,0.2698963479652999,0.25940841411115073,0.21419568197498481,0.25649955594856455
2025-09-20,0.2710493559809308,0.2597993717702828,0.21299398716225065,0.25615728508653596
2025-09-21,0.2708296798489508,0.2604629183788508,0.21115644051961174,0.25755096125258664
2025-09-22,0.2697168810088447,0.2612868193361919,0.21134834678545966,0.2576479528695036
2025-09-23,0.26928013882222135,0.26064802088686306,0.21099029354337565,0.25908154674753997
2025-09-24,0.26905458038224306,0.2615956413062963,0.2115418798390948,0.2578078984723658
2025-09-25,0.270671599284159,0.262066777302808,0.20781701253238408,0.2594446108806489
2025-09-26,0.27189881903434393,0.26171371201185123,0.20679411265011985,0.2595933563036849
2025-09-27,0.2713261048084638,0.2619537705421103,0.2069337862371862,0.25978633841223975
2025-09-28,0.2690858299589024,0.261091377346615,0.20925538299599314,0.2605674096984895
2025-09-29,0.2686706972888617,0.26114918855114877,0.20925348070836863,0.2609266334516209
2025-09-30,0.26763700238781896,0.2614784463095301,0.20758492196196732,0.26329962934068357
2025-10-01,0.2682788718521355,0.26147122802700945,0.20657543242980828,0.26367446769104663
2025-10-02,0.26751459445460596,0.2610974533821819,0.2076917156757362,0.2636962364874761
2025-10-03,0.2673635561804272,0.26163551697987675,0.2080072173243919,0.26299370951530426
2025-10-04,0.268424702058639,0.26095738659124873,0.20797330080229912,0.2626446105478131
2025-10-05,0.2684502918761745,0.26181949580328967,0.20428843300936997,0.2654417793111658
2025-10-06,0.2667760963528138,0.2602215406796188,0.2076330582158341,0.2653693047517333
2025-10-07,0.2663905616801296,0.2617124134938556,0.20489881448608782,0.2669982103399271
2025-10-08,0.26690851118580866,0.26193910693298567,0.2036017273580859,0.2675506545231198
2025-10-09,0.265844354373759,0.262607042140867,0.20453768514698367,0.2670109183383904
2025-10-10,0.2660267890781401,0.2625759304010358,0.20651635990871847,0.2648809206121057
2025-10-11,0.26570777618326247,0.2629183914244364,0.20663239446541812,0.264741437926883
2025-10-12,0.2653993022197668,0.2639913458016682,0.2072495201196901,0.26335983185887496
2025-10-13,0.2650912130686284,0.2650172163195758,0.2070172078998245,0.2628743627119713
2025-10-14,0.26280629771747294,0.2653019324443355,0.2066552030583126,0.265236566779879
2025-10-15,0.26177340435581303,0.26573966927185305,0.20807849122347458,0.26440843514885937
2025-10-16,0.2615415524135123,0.26753185722635175,0.20751392529230459,0.2634126650678314
2025-10-17,0.2619984562357513,0.26917690187215704,0.20662811791860952,0.2621965239734821
2025-10-18,0.26406767034825634,0.26787645223834433,0.2064469779828131,0.2616088994305863
2025-10-19,0.26485854556953536,0.26893715766653115,0.2052510096744326,0.2609532870895007
2025-10-20,0.2651659739923595,0.2693709748310723,0.20465390657019247,0.2608091446063756
2025-10-21,0.2656555346959334,0.27091799719192683,0.2023173418599577,0.261109126252182
2025-10-22,0.26492250873298323,0.2710806375559437,0.20305480161480655,0.26094205209626653
2025-10-23,0.26523034043227844,0.27116275651957633,0.2015611180591814,0.26204578498896364
2025-10-24,0.26466545325638907,0.2718679350380676,0.20072148710533158,0.2627451246002117
2025-10-25,0.2649812799896401,0.27294915520341284,0.19986967338519093,0.2621998914217561
2025-10-27,0.26579531832475534,0.2738369915800964,0.19968971872319174,0.2606779713719565
2025-10-28,0.2667723198290768,0.275066907358152,0.1976410765428525,0.26051969626991855
2025-10-29,0.26717365247639474,0.2742087240276935,0.1980300206845828,0.260587602811329
2025-10-30,0.2674935279829881,0.2743127258323296,0.19775671936921194,0.2604370268154704
2025-10-31,0.26744817433202783,0.2750039347399348,0.19674886999059468,0.26079902093744267
2025-11-01,0.26776368460150973,0.2757675814894676,0.19429211702529367,0.262176616883729
2025-11-02,0.26722093081303433,0.2761359351853937,0.19261929893750673,0.2640238350640652
2025-11-03,0.26682786138997316,0.2778162344720031,0.18897643798106709,0.2663794661569566
2025-11-04,0.26609670003149416,0.27783891295097607,0.186936524350334,0.26912786266719574
2025-11-05,0.2656632132240245,0.27840593600775754,0.1874241874459803,0.26850666332223766
2025-11-06,0.2651555399961436,0.2787707149127961,0.1878764190816899,0.2681973260093705
2025-11-07,0.2655974080111389,0.2786444671023245,0.1875666953065879,0.26819142957994857
2025-11-08,0.26430969858741726,0.2798082090638371,0.18575075262721724,0.2701313397215284
2025-11-09,0.26531387397755435,0.2813216021361212,0.18320767083936101,0.2701568530469635
2025-11-10,0.2663763452801331,0.28129230292530305,0.1820852764391929,0.27024607535537093
2025-11-11,0.26750776264344894,0.2818690382030573,0.18148837974629647,0.2691348194071974
2025-11-12,0.26587997369910293,0.28221454631121395,0.18089895372058315,0.2710065262690999
2025-11-13,0.26543844861221555,0.28250762658979617,0.18101385547996654,0.27104006931802177
2025-11-14,0.2658649873974746,0.28219807729598756,0.18086174095787286,0.27107519434866495
2025-11-15,0.2648776684737249,0.28336254332952154,0.17997751073670876,0.27178227746004496
2025-11-16,0.26398905036473574,0.28219090432020055,0.1826124206927402,0.27120762462232345
2025-11-17,0.26277572787736225,0.2827710074589759,0.18152322059116102,0.272930044072501
2025-11-18,0.2625791265441519,0.2820172387510541,0.18040912198171152,0.27499451272308245
2025-11-19,0.26202910263787155,0.28283516345431525,0.1794518679217362,0.27568386598607714
2025-11-20,0.26116390494495084,0.2829036977349105,0.1807441309539904,0.27518826636614835
2025-11-21,0.26248900071889447,0.2835739323430487,0.18005609028790234,0.27388097665015454
2025-11-22,0.2616005019334902,0.28584809530860805,0.18106716668266287,0.27148423607523886
2025-11-23,0.2617677395662765,0.28549304634095024,0.18063049173741355,0.2721087223553596
2025-11-24,0.2620366841069013,0.2848016797686323,0.18307169485852928,0.27008994126593716
2025-11-25,0.2607660978730475,0.28686330222025097,0.18896563859667553,0.263404961310026
2025-11-26,0.26158165187254356,0.28610956148709626,0.20100016989900246,0.2513086167413577
2025-11-27,0.2657792282425675,0.2900784790200892,0.19241843441111287,0.2517238583262305
2025-11-28,0.26514974002996955,0.29161576510354914,0.19205546125067502,0.2511790336158063
2025-11-29,0.26597967150629953,0.2927687650686397,0.19131129578898426,0.24994026763607646
2025-11-30,0.26421796365940386,0.29263341418669475,0.19219701683054696,0.25095160532335437
2025-12-01,0.26436479685237413,0.2931267048475589,0.19116417576758152,0.25134432253248534
2025-12-02,0.26626569181211357,0.2930878391957197,0.19284731960527982,0.2477991493868869
2025-12-03,0.2667741559773216,0.29484975812035263,0.19028897323013994,0.2480871126721858
2025-12-04,0.2670925153272076,0.2950095681886762,0.1941335120735232,0.2437644044105928
2025-12-05,0.2670725783226243,0.29638403406539643,0.19269867768081306,0.24384470993116628
2025-12-06,0.2672444281542022,0.29479157559415625,0.19466537342932486,0.24329862282231682
2025-12-07,0.26652474465157755,0.2940722353640475,0.19595732538889882,0.2434456945954761
2025-12-08,0.2665139396608768,0.2933106899339964,0.1959408604745184,0.24423450993060833
2025-12-09,0.26556358605685243,0.29396944900232025,0.1950552888553277,0.2454116760854997
2025-12-10,0.26638465740759043,0.29328813939245924,0.19654645132444726,0.24378075187550316
2025-12-11,0.26570427260740404,0.29229605547728965,0.19737705343308665,0.2446226184822196
2025-12-12,0.26590775395245936,0.2917493140193403,0.19755463051689431,0.24478830151130587
2025-12-13,0.2677649649023906,0.2936194613904548,0.1974898110386617,0.24112576266849292
2025-12-14,0.2685042242590733,0.29307125733945,0.19841802388073584,0.2400064945207409
2025-12-15,0.269204841868307,0.2928565284519331,0.1989162192942429,0.23902241038551703
2025-12-16,0.2684165703890161,0.2915818636097564,0.20000783168134484,0.23999373431988255
2025-12-17,0.26840492365124113,0.2916211690663524,0.2000796216384707,0.23989428564393575
2025-12-18,0.2678058116254519,0.29047935258192337,0.20116130244406166,0.24055353334856308
2025-12-19,0.26573257661908467,0.29029616201685216,0.20295037234305846,0.2410208890210047
2025-12-20,0.26652137973513895,0.2890524819669295,0.20468167862442102,0.2397444596735106
2025-12-21,0.26718375226479824,0.28820369870355744,0.205637681747703,0.23897486728394132
2025-12-22,0.2672789006544633,0.2882221362245777,0.20715335556453346,0.2373456075564255
2025-12-23,0.2672299690490905,0.286648816047752,0.20934876305853867,0.23677245184461881
2025-12-24,0.26770003607186843,0.2852881782603405,0.21035890875208269,0.2366528769157084
2025-12-25,0.26741517167173395,0.2857015440141222,0.21034501459344004,0.23653826972070394
2025-12-26,0.26670823369395774,0.2867784298307565,0.21039397293537632,0.23611936353990945
2025-12-27,0.26585581379440937,0.2858541422996017,0.21230069677567037,0.23598934713031855
2025-12-28,0.2648878400361963,0.2871804808068571,0.2133107912567094,0.2346208879002372
2025-12-29,0.26474623517140805,0.2867230554524978,0.21565216378124036,0.2328785455948539
2025-12-30,0.26520483059750005,0.2861987490861896,0.2164902634224298,0.2321061568938805
2025-12-31,0.2649643956630619,0.28530244546205863,0.21922195894434793,0.23051119993053146
2026-01-01,0.26540142613000245,0.28475667347601896,0.22077195115790438,0.2290699492360743
2026-01-02,0.2644780747733103,0.28206674032080736,0.21938202625563127,0.23407315865025108
2026-01-03,0.2649972634240956,0.2831393331287199,0.21702743087755053,0.23483597256963393
2026-01-04,0.2659902779049353,0.2833997905590934,0.21757964698777804,0.23303028454819333
2026-01-05,0.2672257407007646,0.2839057278022714,0.21851590031441848,0.23035263118254554
2026-01-06,0.2667545099932379,0.28604190007902186,0.21540141248667913,0.23180217744106094
2026-01-07,0.2666008655368595,0.28593921171047465,0.21485558523491533,0.23260433751775045
2026-01-08,0.26807368474472776,0.2884684571378414,0.2122984815957971,0.23115937652163374
2026-01-09,0.27028960607670693,0.28857212406950666,0.21481403358633913,0.2263242362674473
2026-01-10,0.26822625220173146,0.2883264933400234,0.2144628916308303,0.22898436282741474
2026-01-11,0.27008912155433296,0.2880773085950555,0.21423699151337577,0.22759657833723576
2026-01-12,0.27048240920806493,0.2884069970898179,0.21386079406518266,0.22724979963693437
2026-01-13,0.2675820159028569,0.2852282236723869,0.22100406739514863,0.2261856930296075
2026-01-14,0.26773156261129405,0.28491023640072144,0.22859413533914996,0.2187640656488347
2026-01-15,0.2721222350893255,0.2892644831751466,0.21601169228863895,0.22260158944688888
2026-01-16,0.2727830887651708,0.2907812832349685,0.21328966770110172,0.223145960298759
2026-01-17,0.27454688072423206,0.29283695911882945,0.20929034389936851,0.22332581625757
2026-01-18,0.2746938119581779,0.29270526600044033,0.2094022708641798,0.22319865117720192
2026-01-19,0.2747029823562609,0.292843665299669,0.20956254556050422,0.22289080678356593
2026-01-20,0.27466088155721574,0.293584204359987,0.2069020213036584,0.22485289277913884
2026-01-21,0.27464201975861346,0.2932361429301446,0.2056722134568455,0.2264496238543963
2026-01-22,0.2740503295960314,0.29330133843654044,0.20540780301008038,0.22724052895734786
2026-01-23,0.27390516509009555,0.2943303761627085,0.20305384186283323,0.22871061688436256
2026-01-24,0.27486038207968366,0.2939347138447844,0.20054625239753734,0.23065865167799468
2026-01-25,0.27615846103018815,0.29541868434168284,0.19191921432452635,0.2365036403036026
2026-01-26,0.2739026145669543,0.2928351386690083,0.19785231724541624,0.23540992951862114
2026-01-27,0.276022297878524,0.29079447564788413,0.19818837271301934,0.2349948537605724
2026-01-28,0.2781774746123082,0.29194751871803326,0.20028481984068022,0.2295901868289783
2026-01-29,0.2803211539411766,0.2925110779962501,0.19889718513133,0.22827058293124317
2026-01-30,0.2805371727474773,0.29307083833453523,0.198347216406695,0.2280447725112926
2026-01-31,0.28017666929729573,0.29320781446128263,0.19705132397627745,0.22956419226514435
2026-02-01,0.27869389986751136,0.2923308964738284,0.19958481634674963,0.22939038731191053
2026-02-02,0.27862378456166337,0.29190233878460203,0.198819022742567,0.23065485391116752
2026-02-03,0.2799614710234993,0.2918420988717946,0.19997290180091132,0.22822352830379491
2026-02-04,0.2803682578157953,0.2930889749714462,0.19882571443300312,0.2277170527797554
2026-02-05,0.28120363320403696,0.2931922397131001,0.1984635865593666,0.2271405405234962
2026-02-06,0.27942828843494383,0.29255535452317527,0.19954569544782325,0.22847066159405766
2026-02-07,0.2788031650928004,0.2924489751851112,0.19981215967231195,0.2289357000497765
2026-02-08,0.2778609756148204,0.2903586115635919,0.20164686337183485,0.23013354944975284
2026-02-09,0.27942943393468483,0.2887857588562001,0.20209367541580286,0.22969113179331216
2026-02-10,0.2764067886703587,0.2896327438193077,0.2031717250295305,0.2307887424808031
2026-02-11,0.2753516890847264,0.2890194003025495,0.20384312443036187,0.2317857861823623
2026-02-12,0.27556131712268184,0.2893770725879884,0.2037104875324524,0.23135112275687741
2026-02-13,0.275346526306755,0.2889558448032657,0.20457733349712767,0.23112029539285175
2026-02-14,0.2743915295646469,0.2897597994460528,0.2050394566825392,0.23080921430676107
2026-02-15,0.2747371554205876,0.28960767929065634,0.20552318324572666,0.23013198204302943
2026-02-16,0.2751951755944886,0.289966054490804,0.20562543069035763,0.2292133392243498
2026-02-17,0.2753009657126772,0.2904731440411674,0.20470933240623604,0.22951655783991937
2026-02-18,0.27488863555168797,0.29022070422340884,0.2054825555236341,0.22940810470126902
2026-02-19,0.2748665594079593,0.2910687232474592,0.20563515532972454,0.22842956201485692
2026-02-20,0.2744335716775229,0.29139213840617806,0.20615194690167404,0.22802234301462504
2026-02-21,0.27474450060543454,0.2922028122955099,0.20537821038295115,0.22767447671610455
2026-02-22,0.2736688529720265,0.2930450490219848,0.20575748718125486,0.22752861082473377
2026-02-23,0.2725901721041685,0.2930383022857439,0.20669220476563954,0.2276793208444481
2026-02-24,0.27241259738524354,0.29246504747160357,0.2071227524681773,0.22799960267497543
2026-02-25,0.27292767942900825,0.29243916775481454,0.20779250350267153,0.22684064931350564
2026-02-26,0.27302562727384794,0.2925181503936,0.20869994235418582,0.22575627997836623
2026-02-27,0.27357805497695403,0.29370467870260153,0.2057447335451524,0.226972532775292
2026-02-28,0.2738850036310765,0.2939336996864084,0.205095317679654,0.22708597900286112
2026-03-01,0.273958196422397,0.2949534242809076,0.20464213510642085,0.22644624419027462
2026-03-02,0.2752296314265074,0.29361294544701133,0.2053490523923668,0.22580837073411447
2026-03-03,0.2771797470991966,0.2955428438967212,0.20630287893992774,0.2209745300641544
2026-03-04,0.276726804263877,0.2943287228643708,0.2095680944898291,0.21937637838192303
2026-03-05,0.27590482753795925,0.2910822963501011,0.21072263102173253,0.22229024509020717
2026-03-06,0.27494551084202695,0.29042490831152123,0.2096622970642778,0.2249672837821739
2026-03-07,0.27499724841043927,0.28921673729664915,0.21253006450676754,0.22325594978614402
2026-03-08,0.2753725932444881,0.2887611003345155,0.2131979788780572,0.22266832754293925
2026-03-09,0.27425969899885627,0.28626051570009486,0.2154843093375135,0.2239954759635353
2026-03-10,0.2723404484010954,0.2843955720661796,0.21525360866442494,0.2280103708683001
2026-03-11,0.27383202350388697,0.28364512187453267,0.21678848308545356,0.22573437153612685
2026-03-12,0.27283555727543846,0.2838025639820401,0.21739806418939786,0.22596381455312353
2026-03-13,0.2728304185232685,0.28370242815515884,0.2160671496471717,0.22740000367440097
2026-03-14,0.2763003126950956,0.28563768194323674,0.2095207275602504,0.22854127780141736
2026-03-15,0.27693053844244553,0.2835893573050578,0.2014236923260896,0.238056411926407
2026-03-16,0.27211040137184195,0.27906554409361467,0.21633179100908842,0.23249226352545488
2026-03-17,0.2715498731888967,0.2774283932114828,0.21923096511511964,0.23179076848450073
2026-03-18,0.26929954734131883,0.2753638010354724,0.2248627472013205,0.23047390442188817
2026-03-19,0.2697685939475755,0.27513801658200165,0.2222473279881043,0.23284606148231854
2026-03-20,0.27013752303857175,0.2739186067638481,0.22272747443653718,0.23321639576104305
2026-03-21,0.26917026707988345,0.2724272379485312,0.22630170998823548,0.23210078498334996
2026-03-22,0.2707731533359443,0.27141587117189503,0.22635936430924417,0.23145161118291638
2026-03-23,0.271163495836965,0.27073139547323305,0.22659151503474037,0.23151359365506158
2026-03-24,0.2705416858874792,0.26792500242341144,0.23123474879329742,0.23029856289581202
2026-03-25,0.2715428775281651,0.2676093451193567,0.22826205576264758,0.2325857215898305
2026-03-26,0.27171842161118126,0.26588179810413165,0.22898616598631102,0.23341361429837604
2026-03-27,0.2712307826668914,0.266810683279192,0.22733766962298865,0.23462086443092792
2026-03-28,0.27010819851843526,0.2680527043286094,0.22722119707969415,0.23461790007326128
2026-03-30,0.26512922755618623,0.2643494969892104,0.22830870583511403,0.24221256961948934
2026-03-31,0.2639457165441582,0.2641037497525935,0.23015708359904252,0.2417934501042058
2026-04-01,0.2629863921591216,0.26417786394347215,0.22976879482645426,0.24306694907095183
2026-04-02,0.2630126822871218,0.2646714203408386,0.22954962225179962,0.24276627512023996
2026-04-03,0.2641504452041659,0.26645196334287197,0.22732378667286587,0.24207380478009616
2026-04-04,0.2629703462934958,0.2662238101036674,0.22689649152026775,0.2439093520825689
2026-04-05,0.2625469985857291,0.26484799724767816,0.22538894217667355,0.2472160619899191
2026-04-06,0.26072625557382634,0.2645954735726152,0.22326721402045238,0.2514110568331061
2026-04-07,0.26369303223644686,0.25849370498144336,0.22569198965778045,0.2521212731243293
2026-04-08,0.2642875035530262,0.25823210984299133,0.22469490876482529,0.2527854778391572
2026-04-09,0.26517016201137705,0.2599581182959589,0.22061758430987669,0.2542541353827874
2026-04-10,0.2650866086590884,0.261301216632458,0.21794138296797427,0.2556707917404794
2026-04-11,0.2673107069143304,0.2617900777209157,0.21461481094691295,0.25628440441784084
2026-04-12,0.26831324492866016,0.2616900160201819,0.21167664789983598,0.25832009115132193
2026-04-13,0.26834319187060907,0.26186725892443813,0.21100557873052553,0.2587839704744274
2026-04-14,0.26733312364139444,0.26200188393653195,0.21190991127088638,0.2587550811511874
2026-04-15,0.26674460034062963,0.26134404998401983,0.21296888525899277,0.2589424644163577
2026-04-16,0.266123404645745,0.26162342671588934,0.2122386238305142,0.26001454480785147
2026-04-17,0.2654140213749971,0.2616747878892323,0.21194520069534156,0.260965990040429
2026-04-18,0.2678317052315872,0.2620942773521013,0.21035560518483645,0.25971841223147507
2026-04-19,0.2680774546705703,0.2617483793474113,0.20930548726080864,0.2608686787212098
2026-04-20,0.2674947393386847,0.2621789758396966,0.20821534797597996,0.2621109368456388
2026-04-21,0.266652172321053,0.26273164587950687,0.20713988237007863,0.2634762994293615
2026-04-22,0.26643780826236907,0.2633765492098824,0.20529827504810852,0.2648873674796401
2026-04-23,0.26687575721900514,0.26313716119454955,0.20457352652033098,0.26541355506611425
2026-04-24,0.2672453404975762,0.26224685409898774,0.20409954289190071,0.26640826251153527
2026-04-25,0.2682612083331444,0.26189507961484587,0.20281793867936765,0.26702577337264205
2026-04-26,0.26583050045317114,0.2637388818692971,0.1989957715872675,0.2714348460902643
2026-04-27,0.2625295405561614,0.26698541440549944,0.1998707638717737,0.2706142811665655
2026-04-28,0.26227693223632914,0.26520161329926234,0.2016509844822505,0.2708704699821579
2026-04-29,0.262664800821551,0.264277428769363,0.2022857266784815,0.2707720437306045
2026-04-30,0.26271181644226255,0.2623884829447075,0.20349755511776102,0.27140214549526903
2026-05-01,0.2610786902276334,0.2636518208769507,0.20374860530912636,0.27152088358628945
2026-05-02,0.25723524635056055,0.27073323493814183,0.20377212355811403,0.2682593951531836
2026-05-03,0.25683558284094865,0.2691584593485979,0.20508132777323215,0.2689246300372212
2026-05-04,0.2586941293958586,0.27149996070257715,0.2046943632502938,0.2651115466512704
2026-05-05,0.25911109030310003,0.2715628656483436,0.2048172223179592,0.26450882173059714
2026-05-06,0.25836121528901995,0.27186939801851245,0.2049148353655616,0.26485455132690605
2026-05-07,0.2575126150964667,0.2721888425158351,0.20596410202752308,0.2643344403601751
2026-05-08,0.25709071831740493,0.2714946178040299,0.2061420605114405,0.26527260336712466
2026-05-09,0.2565255750384785,0.27375982089234796,0.20383127993220126,0.26588332413697213
2026-05-10,0.2557621544778878,0.2742268680973887,0.20395589228983155,0.266055085134892
2026-05-11,0.2570993561041112,0.2742130216152945,0.20295766514934113,0.2657299571312531
2026-05-12,0.2562596418371505,0.27404544785600093,0.20661998848825675,0.2630749218185919
2026-05-13,0.25611315568114257,0.27541923366918564,0.207143018694369,0.2613245919553027
2026-05-14,0.25501048039423024,0.2765962526403118,0.20733957987128643,0.2610536870941715
2026-05-15,0.2555049725510945,0.27712522737871176,0.20647338981212313,0.26089641025807064
2026-05-16,0.25564828870058887,0.2773298413230317,0.20640043924942383,0.26062143072695565
2026-05-17,0.2553562261918607,0.2776212201944406,0.2064894584218855,0.2605330951918133
2026-05-18,0.25509532567878096,0.27747261325760547,0.20789221729549115,0.25953984376812245
2026-05-19,0.2546031887774546,0.2783796919414747,0.20743549308343845,0.25958162619763225
2026-05-20,0.25413383351684016,0.27910361171566195,0.20832994600827404,0.2584326087592239
2026-05-21,0.2536643926320352,0.27964609755360714,0.20961278755869664,0.25707672225566097
2026-05-22,0.2540535589668026,0.28025969300054476,0.2097468317691677,0.2559399162634849
2026-05-23,0.2543089422208111,0.28131340434552365,0.20916137245639616,0.2552162809772691
2026-05-24,0.2539016472632015,0.2812993781611731,0.21155272722025645,0.253246247355369
2026-05-25,0.2540112102630937,0.2826262789801031,0.20980818206902382,0.2535543286877794
2026-05-26,0.2538986846078427,0.28065860873252324,0.2124219098380661,0.2530207968215679
2026-05-27,0.2538902501716605,0.2796533049331148,0.21327038943862853,0.25318605545659617
2026-05-28,0.2549386028794326,0.27822771745609975,0.21425758601752065,0.25257609364694705
2026-05-29,0.2543759583061831,0.2771088582473674,0.21529692077246557,0.25321826267398384
2026-05-30,0.255345721019619,0.2773854510796494,0.21378481789424794,0.25348401000648363
2026-05-31,0.2561728803950701,0.2782399873246424,0.21412109522870756,0.25146603705157994
2026-06-01,0.2570026524138333,0.2775002394051331,0.21473243889132593,0.25076466928970775
2026-06-02,0.25603452756864153,0.2776896025747836,0.2128872548045049,0.25338861505207
2026-06-03,0.2567148454478885,0.27804147707407834,0.21179066800513285,0.25345300947290034
2026-06-04,0.2563008400183303,0.2783855326176388,0.2147386321678356,0.25057499519619536
2026-06-05,0.2574317131258309,0.28026497046841664,0.21430042730060186,0.24800288910515053
2026-06-06,0.2563216853234814,0.28858840244523365,0.20772011388681264,0.24736979834447248
2026-06-07,0.256089631657068,0.2895340377506478,0.2070488792468967,0.24732745134538767
2026-06-08,0.2565144918192199,0.28778851793565574,0.2097163637234865,0.24598062652163785
2026-06-09,0.25607272329941916,0.2879338980827164,0.2108865522787241,0.24510682633914033
2026-06-10,0.2567149471392006,0.2864037471929667,0.21300685837443112,0.2438744472934016
2026-06-11,0.2562963137253648,0.2868055728782277,0.21430054075205138,0.24259757264435616
2026-06-12,0.2564009057583276,0.2865780986598772,0.21404622899653808,0.2429747665852572
2026-06-13,0.25723129202895995,0.28653429453212415,0.21281895289291786,0.24341546054599794
2026-06-14,0.257189728126773,0.28582946488898076,0.21367005855453075,0.2433107484297155
2026-06-15,0.25468447371783387,0.28387635625753177,0.21803585386935642,0.24340331615527788
2026-06-16,0.25512112814397175,0.28249465235498283,0.21865815967901162,0.24372605982203377
2026-06-17,0.2543288024890523,0.2816206192657715,0.22056779959339154,0.24348277865178475
2026-06-18,0.2539396970954363,0.2821174934387785,0.22190672724842309,0.24203608221736225
2026-06-19,0.2530249869843252,0.2811341075325651,0.22211414794735423,0.24372675753575537
2026-06-20,0.2543199534655473,0.2807307844357119,0.22251426059880863,0.24243500149993202
2026-06-21,0.2536927740178287,0.27957518035566226,0.22479390957061204,0.241938136055897
2026-06-22,0.2540361008637321,0.2790565171367898,0.22493438036126526,0.24197300163821286
2026-06-23,0.25471429356431374,0.28025016124041086,0.22329929472176724,0.24173625047350814
2026-06-24,0.2527135800534126,0.27909847847750013,0.22392787896602862,0.2442600625030587
2026-06-25,0.24995619649497555,0.27558218813960494,0.23294600431431492,0.24151561105110478
2026-06-26,0.2521708914870833,0.273430874886141,0.23110598528700207,0.2432922483397736
2026-06-27,0.2504363477208228,0.2739502475482384,0.23242880642789068,0.24318459830304817
2026-06-28,0.24995904183970583,0.27453918569350005,0.23202144058508656,0.24348033188170753
2026-06-29,0.24977187653609606,0.2752907454646734,0.230987996106909,0.24394938189232146
2026-06-30,0.24763636650293847,0.27381392613636685,0.23154647305290058,0.2470032343077941
2026-07-01,0.24966641691313524,0.2649170523029849,0.2369139915798084,0.24850253920407145
2026-07-02,0.24989158547230428,0.26747956663683703,0.2334636309590358,0.24916521693182295
2026-07-03,0.2502383968688508,0.26861880478774847,0.23317059865734308,0.24797219968605766
2026-07-04,0.2504391643464249,0.26833952193823396,0.2327655822797924,0.24845573143554867
2026-07-05,0.25143077818571846,0.266610294059018,0.2328241189547365,0.24913480880052716
2026-07-06,0.251841923717113,0.26632931825170475,0.23127903503645952,0.2505497229947226
2026-07-07,0.25263926774370005,0.26716170089799846,0.2304423497480223,0.24975668161027917
2026-07-08,0.252941450058194,0.2667440139464877,0.22978674642304134,0.25052778957227684
2026-07-09,0.2535818914235394,0.26601250861860903,0.227593646240327,0.2528119537175245
2026-07-10,0.25284071415457443,0.26419679132762725,0.2298630556811751,0.2530994388366234
2026-07-11,0.25387610252230863,0.26307268594539157,0.22875385500204715,0.2542973565302527
2026-07-12,0.2539694358006707,0.2619439760973352,0.2288654379923933,0.2552211501096006
2026-07-13,0.2544528640832364,0.2609992239481459,0.2278351365001724,0.25671277546844523
2026-07-14,0.25338405936533903,0.2599625304574626,0.22943343969313754,0.2572199704840609
2026-07-15,0.25297549499033767,0.259510394083348,0.23051138873617275,0.25700272219014164
2026-07-16,0.2532451018348589,0.2590020270915313,0.23139686749290878,0.25635600358070104
2026-07-17,0.25209912246189925,0.25795630022863375,0.2340896556199687,0.25585492168949825
