section,key,metric,value
spread_overall,,n_hours,18456.0
spread_overall,,mean_pln,-16.257977351538795
spread_overall,,median_pln,3.5187500000000114
spread_overall,,std_pln,313.0661123520718
spread_overall,,mean_abs_pln,150.99797951885566
spread_overall,,share_bal_above_da,0.5146835717381881
spread_overall,,p5_pln,-362.26687499999997
spread_overall,,p25_pln,-112.72875
spread_overall,,p75_pln,90.02
spread_overall,,p95_pln,288.28437499999995
spread_by_hour_local,0,n_hours,769.0
spread_by_hour_local,0,mean_pln,-16.414941482444732
spread_by_hour_local,0,median_pln,0.0
spread_by_hour_local,0,mean_abs_pln,103.03661898569571
spread_by_hour_local,0,share_bal_above_da,0.4798439531859558
spread_by_hour_local,1,n_hours,769.0
spread_by_hour_local,1,mean_pln,-13.71409622886866
spread_by_hour_local,1,median_pln,6.4375
spread_by_hour_local,1,mean_abs_pln,95.45882964889466
spread_by_hour_local,1,share_bal_above_da,0.5487646293888166
spread_by_hour_local,2,n_hours,769.0
spread_by_hour_local,2,mean_pln,-15.386635240572172
spread_by_hour_local,2,median_pln,5.847499999999968
spread_by_hour_local,2,mean_abs_pln,99.13959362808843
spread_by_hour_local,2,share_bal_above_da,0.5448634590377113
spread_by_hour_local,3,n_hours,769.0
spread_by_hour_local,3,mean_pln,-14.595243823146944
spread_by_hour_local,3,median_pln,7.884999999999991
spread_by_hour_local,3,mean_abs_pln,97.20296814044212
spread_by_hour_local,3,share_bal_above_da,0.5578673602080624
spread_by_hour_local,4,n_hours,769.0
spread_by_hour_local,4,mean_pln,-8.673439531859561
spread_by_hour_local,4,median_pln,9.839999999999975
spread_by_hour_local,4,mean_abs_pln,92.80836150845253
spread_by_hour_local,4,share_bal_above_da,0.5500650195058517
spread_by_hour_local,5,n_hours,769.0
spread_by_hour_local,5,mean_pln,-26.461030559167753
spread_by_hour_local,5,median_pln,0.01999999999998181
spread_by_hour_local,5,mean_abs_pln,100.83304616384916
spread_by_hour_local,5,share_bal_above_da,0.5006501950585176
spread_by_hour_local,6,n_hours,769.0
spread_by_hour_local,6,mean_pln,-21.2127633289987
spread_by_hour_local,6,median_pln,5.955000000000041
spread_by_hour_local,6,mean_abs_pln,106.94175552665799
spread_by_hour_local,6,share_bal_above_da,0.5305591677503251
spread_by_hour_local,7,n_hours,769.0
spread_by_hour_local,7,mean_pln,-9.546479193758124
spread_by_hour_local,7,median_pln,6.8125
spread_by_hour_local,7,mean_abs_pln,119.66199934980492
spread_by_hour_local,7,share_bal_above_da,0.540962288686606
spread_by_hour_local,8,n_hours,769.0
spread_by_hour_local,8,mean_pln,-34.84905396618986
spread_by_hour_local,8,median_pln,0.0
spread_by_hour_local,8,mean_abs_pln,160.60524382314694
spread_by_hour_local,8,share_bal_above_da,0.494148244473342
spread_by_hour_local,9,n_hours,769.0
spread_by_hour_local,9,mean_pln,-34.03923927178153
spread_by_hour_local,9,median_pln,1.6275000000000546
spread_by_hour_local,9,mean_abs_pln,206.20024707412222
spread_by_hour_local,9,share_bal_above_da,0.5032509752925878
spread_by_hour_local,10,n_hours,769.0
spread_by_hour_local,10,mean_pln,-34.28076397919376
spread_by_hour_local,10,median_pln,0.0
spread_by_hour_local,10,mean_abs_pln,236.30803966189853
spread_by_hour_local,10,share_bal_above_da,0.49024707412223667
spread_by_hour_local,11,n_hours,769.0
spread_by_hour_local,11,mean_pln,-34.37209037711313
spread_by_hour_local,11,median_pln,0.0
spread_by_hour_local,11,mean_abs_pln,258.94387841352403
spread_by_hour_local,11,share_bal_above_da,0.494148244473342
spread_by_hour_local,12,n_hours,769.0
spread_by_hour_local,12,mean_pln,-20.87753901170351
spread_by_hour_local,12,median_pln,0.0
spread_by_hour_local,12,mean_abs_pln,240.14199284785437
spread_by_hour_local,12,share_bal_above_da,0.4837451235370611
spread_by_hour_local,13,n_hours,769.0
spread_by_hour_local,13,mean_pln,17.533767880364113
spread_by_hour_local,13,median_pln,0.032500000000027285
spread_by_hour_local,13,mean_abs_pln,260.16196033810144
spread_by_hour_local,13,share_bal_above_da,0.5006501950585176
spread_by_hour_local,14,n_hours,769.0
spread_by_hour_local,14,mean_pln,-18.381989596879066
spread_by_hour_local,14,median_pln,0.0
spread_by_hour_local,14,mean_abs_pln,210.7305591677503
spread_by_hour_local,14,share_bal_above_da,0.46293888166449937
spread_by_hour_local,15,n_hours,769.0
spread_by_hour_local,15,mean_pln,-11.3263166449935
spread_by_hour_local,15,median_pln,13.25750000000005
spread_by_hour_local,15,mean_abs_pln,176.96481469440832
spread_by_hour_local,15,share_bal_above_da,0.5253576072821846
spread_by_hour_local,16,n_hours,769.0
spread_by_hour_local,16,mean_pln,-19.1252633289987
spread_by_hour_local,16,median_pln,8.809999999999945
spread_by_hour_local,16,mean_abs_pln,169.41872236671
spread_by_hour_local,16,share_bal_above_da,0.5188556566970091
spread_by_hour_local,17,n_hours,769.0
spread_by_hour_local,17,mean_pln,-6.732649544863458
spread_by_hour_local,17,median_pln,2.574999999999932
spread_by_hour_local,17,mean_abs_pln,148.5548732119636
spread_by_hour_local,17,share_bal_above_da,0.5136540962288687
spread_by_hour_local,18,n_hours,769.0
spread_by_hour_local,18,mean_pln,-15.030991547464238
spread_by_hour_local,18,median_pln,0.047499999999899956
spread_by_hour_local,18,mean_abs_pln,134.76462613784136
spread_by_hour_local,18,share_bal_above_da,0.5006501950585176
spread_by_hour_local,19,n_hours,769.0
spread_by_hour_local,19,mean_pln,-19.457766579973992
spread_by_hour_local,19,median_pln,0.9925000000000637
spread_by_hour_local,19,mean_abs_pln,136.22265604681405
spread_by_hour_local,19,share_bal_above_da,0.5110533159947984
spread_by_hour_local,20,n_hours,769.0
spread_by_hour_local,20,mean_pln,-3.2167880364109265
spread_by_hour_local,20,median_pln,2.1124999999999545
spread_by_hour_local,20,mean_abs_pln,134.80244473342003
spread_by_hour_local,20,share_bal_above_da,0.5123537061118335
spread_by_hour_local,21,n_hours,769.0
spread_by_hour_local,21,mean_pln,-4.800523407022105
spread_by_hour_local,21,median_pln,3.92999999999995
spread_by_hour_local,21,mean_abs_pln,118.65756501950585
spread_by_hour_local,21,share_bal_above_da,0.5097529258777633
spread_by_hour_local,22,n_hours,769.0
spread_by_hour_local,22,mean_pln,-8.812347204161247
spread_by_hour_local,22,median_pln,9.827500000000043
spread_by_hour_local,22,mean_abs_pln,106.22651495448635
spread_by_hour_local,22,share_bal_above_da,0.5578673602080624
spread_by_hour_local,23,n_hours,769.0
spread_by_hour_local,23,mean_pln,-16.417272431729522
spread_by_hour_local,23,median_pln,4.715000000000032
spread_by_hour_local,23,mean_abs_pln,110.16419700910274
spread_by_hour_local,23,share_bal_above_da,0.5201560468140443
spread_by_year_local,2024,n_hours,4825.0
spread_by_year_local,2024,mean_pln,-33.62030103626943
spread_by_year_local,2024,median_pln,-2.490000000000009
spread_by_year_local,2024,mean_abs_pln,154.40172590673575
spread_by_year_local,2024,share_bal_above_da,0.4584455958549223
spread_by_year_local,2025,n_hours,8760.0
spread_by_year_local,2025,mean_pln,-4.540371004566209
spread_by_year_local,2025,median_pln,7.983749999999986
spread_by_year_local,2025,mean_abs_pln,146.98100570776253
spread_by_year_local,2025,share_bal_above_da,0.5323059360730593
spread_by_year_local,2026,n_hours,4871.0
spread_by_year_local,2026,mean_pln,-20.132545165263807
spread_by_year_local,2026,median_pln,7.444999999999936
spread_by_year_local,2026,mean_abs_pln,154.85049733114352
spread_by_year_local,2026,share_bal_above_da,0.5386984192157668
miss_cost,ens_crps_cqr_tft,n_hours,17456.0
miss_cost,ens_crps_cqr_tft,mae_pln,71.85708866389915
miss_cost,ens_crps_cqr_tft,naive_cost_bound_pln,149.34915158111824
miss_cost,ens_crps_cqr_tft,mean_cost_pln,-8.138452681026582
miss_cost,ens_crps_cqr_tft,median_cost_pln,0.0
miss_cost,ens_crps_cqr_tft,share_costly_hours,0.4998854262144821
miss_cost,ens_crps_cqr_tft,share_under_forecast,0.5433661778185152
miss_cost,ens_crps_cqr_tft,mean_cost_under_pln,-20.22758803373748
miss_cost,ens_crps_cqr_tft,mean_cost_over_pln,6.246875235227698
miss_cost,ens_crps_cqr_tft,p95_cost_pln,298.5
miss_cost,lgbm_quantile_conformal,n_hours,17672.0
miss_cost,lgbm_quantile_conformal,mae_pln,75.97643142730756
miss_cost,lgbm_quantile_conformal,naive_cost_bound_pln,150.1344529481666
miss_cost,lgbm_quantile_conformal,mean_cost_pln,-8.708922730873699
miss_cost,lgbm_quantile_conformal,median_cost_pln,0.0
miss_cost,lgbm_quantile_conformal,share_costly_hours,0.49541647804436395
miss_cost,lgbm_quantile_conformal,share_under_forecast,0.5330466274332277
miss_cost,lgbm_quantile_conformal,mean_cost_under_pln,-21.04104989384289
miss_cost,lgbm_quantile_conformal,mean_cost_over_pln,5.368711524478913
miss_cost,lgbm_quantile_conformal,p95_cost_pln,297.607
